"Category","Primary_gene_sets","Size","Genes"
"Type I IFN response","btm_M75_antiviral IFN signature",22,"IFIH1 ELANE SERPING1 IL1B RSAD2 IFIT1 RARA DDX58 FCER1A DHX58 PTX3 CARD9 OAS1 OAS3 PML ANXA3 HERC5 DDX60 CXCL10 IRF7 C1QB BCL3"
"Type I IFN response","GO_RESPONSE_TO_TYPE_I_INTERFERON",67,"ISG20 OAS2 IFI6 IFNA7 OAS3 IFITM1 IFIT3 MX2 IRF6 IFNA10 IRF4 HLA-B IFITM3 IRF8 OASL MX1 IRF3 RNASEL BST2 GBP2 TYK2 IFNA16 IFNAR1 IFIT1 HLA-A IFNA17 SHMT2 OAS1 IFNA21 IFI27 IFI35 ADAR HLA-H XAF1 IFNA1 JAK1 HLA-G IFNA2 IFNA14 HLA-F STAT1 IRF5 IRF7 SP100 HLA-E STAT2 C19orf66 IRF1 RSAD2 EGR1 HLA-C IFNA13 IFNB1 IFIT2 IFITM2 IP6K2 IFNA8 IFNA5 PSMB8 TRIM56 ISG15 SAMHD1 IFNAR2 IFNA6 IKBKE IFNA4 IRF2"
"Type I IFN response","GO_RESPONSE_TO_INTERFERON_BETA",21,"DDX41 CDC34 TLR3 IKBKE PNPT1 IRF1 IFITM3 AIM2 TMEM173 UBE2G2 UBE2K STAT1 IFITM1 BST2 IFITM2 IRG1 PLSCR1 HTRA2 IFNB1 XAF1 NDUFA13"
"Type I IFN response","reactome_Interferon alpha/beta signaling",68,"ADAR BST2 EGR1 GBP2 HLA-A HLA-B HLA-C HLA-E HLA-F HLA-G HLA-H IFI27 IFI35 IFI6 IFIT1 IFIT2 IFIT3 IFITM1 IFITM2 IFITM3 IFNA1 IFNA10 IFNA14 IFNA16 IFNA17 IFNA2 IFNA21 IFNA4 IFNA5 IFNA6 IFNA7 IFNA8 IFNAR1 IFNAR2 IFNB1 IP6K2 IRF1 IRF2 IRF3 IRF4 IRF5 IRF6 IRF7 IRF8 IRF9 ISG15 ISG20 JAK1 MX1 MX2 OAS1 OAS2 OAS3 OASL PSMB8 PTPN1 PTPN11 PTPN6 RNASEL RSAD2 SAMHD1 SOCS1 SOCS3 STAT1 STAT2 TYK2 USP18 XAF1"
"vaccine_infection induced early blood transcriptomic signature","foointerferonYellow_Fever_Vaccine(2008)",60,"RSAD2 IFI44L ISG15 IFI44 IFIT1 OAS3 HERC5 IFIT3 LY6E EPSTI1 IFITM3 IFI27 OAS1 OASL MX1 HES4 OTOF XAF1 OAS2 SERPING1 LOC26010 MT2A HERC6 IFIT2 OAS1 IRF7 IFIT3 EIF2AK2 SAMD9L OAS2 IFI35 PLSCR1 ZBP1 DHX58 IFI6 MT1A LAP3 PARP12 IFIH1 PRIC285 FLJ20035 IFIT3 TRIM22 GBP1 RTP4 PARP14 PARP9 TIMM10 STAT2 DDX58 CTSL1 JUP SCO2 IL1RN MAFB LGALS3BP BST2 LAMP3 FBXO6 NTNG2"
"vaccine_infection induced early blood transcriptomic signature","foointerferonYellow_Fever_Vaccine(2009)",60,"SAMD9 STAT1 IFI44 CXCL10 MX2 NEXN GBP1 CMPK2 CDKN1C DDX60 C3AR1 DHX58 EPSTI1 DDX60L IFI27 HERC6 OAS3 JUN OAS1 IFI6 MARCKS LAMP3 PARP14 PARP9 MX1 LGALS3BP TRIM22 FER1L3 RGL1 RNF36 SAMD9L CD38 IFIT3 FBXO6 ISG15 TLR7 XAF1 IFIT2 FAM70A RTP4 UBE2L6 OAS2 IFI44L PNPT1 SERPING1 TRIM5 MS4A4 SIGLEC1 HERC5 IFIT1 TDRD7 DDX58 RSAD2 IRF7 IFIH1 KLHDC7B EIF2AK2 PLSCR1 PARP12 OASL"
"vaccine_infection induced early blood transcriptomic signature","foointerferonFlu_Exp_clus_2(2014)",39,"MT1G C2 IL1B CLEC6A JUN ATF3 PSTPIP2 STAT1 OSM WARS MT1X GBP4 SOC3 MYOF LAP3 SLAMF8 MT2A GBP1 HBEGF AIM2 PPP1R15A PARP9 ANKRD22 C20orf43 GBP5 FFAR2 GBP2 OLR1 G0S2 IFIT2 IDO1 FOS FOSB CXCL10 SNORD56B KLF4 IRF1 SERPING1 NR4A3"
"vaccine_infection induced early blood transcriptomic signature","Ginsburg_Flu(2013)",55,"RSAD2 IFIT1 IFI44L HERC5 IFI44 ISG15 OAS3 MX1 IFIT3 IFIT2 SERPING1 SIGLEC1 LAMP3 OASL IFI6 IFI27 OAS1 IFIT5 OAS2 DDX58 XAF1 IFIH1 DDX60 LAP3 IFITM3 LOC26010 LY6E GBP1 HERC6 EIF2AK2 ZCCHC2 IFI35 ZBP1 IRF7 TNFAIP6 PLSCR1 PARP12 RTP4 MX2 TOR1B STAT1 SCO2 UBE2L6 CCL8 TNFSF10 TRIM22 CCL2 SAMD9 DHX58 APOL6 ATF3 TDRD7 CXCL10 TREX1 XIST"
"Type II IFN response (IFNg)","GO_INTERFERON_GAMMA_MEDIATED_SIGNALING_PATHWAY",52,"JAK1 JAK2 TRIM62 PRKCD ICAM1 TRIM5 IFNG IRF1 IFI30 MT2A SP100 IRF7 IRF5 CAMK2D TRIM34 IFNGR2 STAT1 IFNGR1 HCK TRIM38 CAMK2B PTAFR IRF2 TRIM25 TRIM22 TRIM21 TRIM31 TRIM8 CD44 OAS3 TRIM26 TRIM68 IRF9 OAS2 B2M OASL IRF8 IRF4 CIITA FCGR1B PML IRF6 GBP1 GBP2 CAMK2G VCAM1 CAMK2A MID1 IRF3 FCGR1A NCAM1 OAS1"
"Type II IFN response (IFNg)","GO_CELLULAR_RESPONSE_TO_INTERFERON_GAMMA",103,"PRKCD TRIM5 ICAM1 CCL17 IFNG CCL20 JAK1 JAK2 CCL21 TRIM62 CCL5 EPRS IFI30 CCL3L1 MT2A XCL1 CCL3L3 SP100 IRF5 IRF7 CCL3 TRIM34 CAMK2D IFNGR2 STAT1 IL12RB1 STAR CCL25 DAPK3 IRF1 LGALS9 AIF1 CCL26 TRIM38 HCK IL12B RPL13A PTAFR CAMK2B SLC26A6 GBP5 IFNGR1 CCL4L2 TRIM25 GAPDH TDGF1 TRIM22 WNT5A CCL14 TRIM21 CCL8 IRF2 CX3CL1 IRG1 CCL4 IRF9 CCL22 CCL13 MRC1 OAS2 TRIM31 GBP6 TRIM8 CD44 OAS3 TRIM26 ASS1 TRIM68 EDN1 SYNCRIP PML IRF6 CCL15 CCL23 DAPK1 B2M NOS2 IRF8 OASL CCL19 CIITA IRF4 FCGR1B CAMK2A CCL1 MID1 CD58 IRF3 FCGR1A CCL18 GBP1 GBP2 CAMK2G VCAM1 CCL11 AQP4 CCL2 CCL7 NCAM1 OAS1 TLR3 CCL16 CCL24"
"Type II IFN response (IFNg)","GO_RESPONSE_TO_INTERFERON_GAMMA",125,"IRF8 IFITM3 DAPK1 CCL15 CYP27B1 SYNCRIP TRIM68 EDN1 CXCL16 OAS3 GBP6 TRIM31 TRIM8 IFITM1 KYNU NUB1 IRF9 CD86 CCL16 OAS1 CCL24 CCL7 IL23R CITED1 CCL11 VCAM1 CAMK2G GBP1 CCL18 IRF3 CAMK2A MID1 AIF1 CCL26 DAPK3 CAMK2D IFNGR2 IL12RB1 SP100 CCL3 XCL1 DNAJA3 SNCA GCH1 EPRS JAK2 JAK1 TRIM5 XCL2 PRKCD TRIM21 CCL14 TRIM22 TDGF1 SLC11A1 GBP5 SLC26A6 ADAMTS13 PTAFR CAMK2B IL12B HCK CCL19 CIITA FCGR1B OASL SEC61A1 B2M NOS2 CCL23 IRF6 PML TRIM26 ASS1 CD44 CCL13 OAS2 MRC1 IRG1 CCL4 CCL22 NCAM1 TLR3 CCL2 AQP4 BST2 GBP2 UBD MEFV FCGR1A CD58 CCL1 CALCOCO2 LGALS9 IRF1 C19orf66 CCL25 TRIM34 STAR STAT1 IRF5 IRF7 MT2A CCL3L3 IFI30 CCL3L1 CCL21 TRIM62 CCL5 CCL20 SLC30A8 IFNG ICAM1 CCL17 CX3CL1 IRF2 CCL8 WNT5A TRIM25 GAPDH IFNGR1 CCL4L2 IFITM2 RPL13A TRIM38"
"Translation/ribosome","reactome_Translation",298,"7SL RNA (ENSG00000222639) AARS AARS2 AIMP1 AIMP2 APEH AURKAIP1 CARS CARS2 CHCHD1 DAP3 DARS DARS2 DDOST EARS2 EEF1A1 EEF1A1P5 EEF1A2 EEF1B2 EEF1D EEF1E1 EEF1G EEF2 EIF1AX EIF2B1 EIF2B2 EIF2B3 EIF2B4 EIF2B5 EIF2S1 EIF2S2 EIF2S3 EIF3A EIF3B EIF3C EIF3D EIF3E EIF3F EIF3G EIF3H EIF3I EIF3J EIF3K EIF3L EIF3M EIF4A1 EIF4A2 EIF4B EIF4E EIF4EBP1 EIF4G1 EIF4H EIF5 EIF5B EPRS ERAL1 ETF1 FARS2 FARSA FARSB FAU GADD45GIP1 GARS GFM1 GFM2 GSPT1 GSPT2 HARS HARS2 IARS IARS2 KARS LARS LARS2 MARS MARS2 MRPL1 MRPL10 MRPL11 MRPL12 MRPL13 MRPL14 MRPL15 MRPL16 MRPL17 MRPL18 MRPL19 MRPL2 MRPL20 MRPL21 MRPL22 MRPL23 MRPL24 MRPL27 MRPL28 MRPL3 MRPL30 MRPL32 MRPL33 MRPL34 MRPL35 MRPL36 MRPL37 MRPL38 MRPL39 MRPL4 MRPL40 MRPL41 MRPL42 MRPL43 MRPL44 MRPL45 MRPL46 MRPL47 MRPL48 MRPL49 MRPL50 MRPL51 MRPL52 MRPL53 MRPL54 MRPL55 MRPL57 MRPL58 MRPL9 MRPS10 MRPS11 MRPS12 MRPS14 MRPS15 MRPS16 MRPS17 MRPS18A MRPS18B MRPS18C MRPS2 MRPS21 MRPS22 MRPS23 MRPS24 MRPS25 MRPS26 MRPS27 MRPS28 MRPS30 MRPS31 MRPS33 MRPS34 MRPS35 MRPS36 MRPS5 MRPS6 MRPS7 MRPS9 MRRF MT-RNR1 MT-RNR2 MT-TV MTFMT MTIF2 MTIF3 MTRF1L N6AMT1 NARS NARS2 OXA1L PABPC1 PARS2 PPA1 PPA2 PTCD3 QARS RARS RARS2 RPL10 RPL10A RPL10L RPL11 RPL12 RPL13 RPL13A RPL14 RPL15 RPL17 RPL18 RPL18A RPL19 RPL21 RPL22 RPL22L1 RPL23 RPL23A RPL24 RPL26 RPL26L1 RPL27 RPL27A RPL28 RPL29 RPL3 RPL30 RPL31 RPL32 RPL34 RPL35 RPL35A RPL36 RPL36A RPL36AL RPL37 RPL37A RPL38 RPL39 RPL39L RPL3L RPL4 RPL41 RPL5 RPL6 RPL7 RPL7A RPL8 RPL9 RPLP0 RPLP1 RPLP2 RPN1 RPN2 RPS10 RPS11 RPS12 RPS13 RPS14 RPS15 RPS15A RPS16 RPS17 RPS18 RPS19 RPS2 RPS20 RPS21 RPS23 RPS24 RPS25 RPS26 RPS27 RPS27A RPS27L RPS28 RPS29 RPS3 RPS3A RPS4X RPS4Y1 RPS4Y2 RPS5 RPS6 RPS7 RPS8 RPS9 RPSA SARS SARS2 SEC11A SEC11C SEC61A1 SEC61A2 SEC61B SEC61G SPCS1 SPCS2 SPCS3 SRP14 SRP19 SRP54 SRP68 SRP72 SRP9 SRPRA SRPRB SSR1 SSR2 SSR3 SSR4 TARS TARS2 TRAM1 TRMT112 TSFM TUFM UBA52 VARS VARS2 WARS WARS2 YARS YARS2"
"Translation/ribosome","KEGG_RIBOSOME",87,"RPL23 RPL3 RPL3L RPL31 RPL4 RPL5 RPL32 RPS10 RPL34 RPS11 RPS12 RPL36AL RPS13 RPL35A RPL37A RPS15 RPL37 RPL38 RPL14 RPS15A FAU RPSA RPS16 RPL27 RPS17 RPL26 RPL24 RPL29 RPL28 RPL27A UBA52 RPL30 RPL36 RPS20 RPS19 RPS18 RPS4X RSL24D1P11 RPS4Y1 RPS5 RPL22L1 RPL26L1 RPS6 RPLP2 RPL22 RPL23A RPL18 RPL18A RPL19 RPL21 RPS3A RPL10A RPS27L RPS3 RPS2 MRPL13 RPL17 RPL15 RPL36A RPL12 RPL13 RPL41 RPL10 RPL39 RPL11 RPL8 RPL9 RPL13A RPL7A RPS26 RPS27 RPS25 RPS29 RPLP1 RPS27A RPLP0 RPS28 RPS24 RPS9 RSL24D1 RPS23 RPS8 RPS21 RPS7 RPL10L RPL7 RPL6"
"Antigen presentation","btm_M5.0_regulation of antigen presentation and immune response",81,"NCKAP1L THEMIS HLA-DPB1 JUN NFKBIA PTPN6 TLR5 HLA-DRA CD4 PRKCQ PLCG1 CD247 TRBC1 FCGR1B CCR7 TLR6 TLR10 FYB TLR2 FCER1G TRAT1 LILRB2 LILRB1 CLEC7A BTLA FYN FGR CD86 GRAP2 HLA-DQB1 ZAP70 PAG1 MNDA IRAK3 LCK DUSP6 PTPN22 PAK1 CTSH CTLA4 LCP2 TLR4 CSK FOS LAT2 CARD11 HLA-DRB1 CHUK CD24 UBASH3A MAP2K6 TLR7 LY96 HCK VASP LYN LIME1 MAPK14 MYD88 INPP5D ITK TRAC SLA2 KLRK1 HLA-DMB RPS6KA1 HLA-DQA1 MEF2C SYK MEF2A TLR1 PTPRC HLA-DOA HLA-DOB HLA-DMA HLA-DPA1 CD19 CD3D CD3E BTK CD3G"
"Antigen presentation","reactome_MHC class II antigen presentation",107,"ACTR1A ACTR1B AP1B1 AP1G1 AP1M1 AP1M2 AP1S1 AP1S2 AP1S3 AP2A1 AP2A2 AP2B1 AP2M1 AP2S1 ARF1 CANX CAPZA1 CAPZA2 CAPZA3 CAPZB CD74 CENPE CLTA CLTC CTSA CTSB CTSC CTSD CTSE CTSF CTSH CTSK CTSL CTSO CTSS CTSV DCTN1 DCTN2 DCTN3 DCTN4 DCTN5 DCTN6 DNM1 DNM2 DNM3 DYNC1H1 DYNC1I1 DYNC1I2 DYNC1LI1 DYNC1LI2 DYNLL1 DYNLL2 HLA-DMA HLA-DMB HLA-DOA HLA-DOB HLA-DPA1 HLA-DPB1 HLA-DQA1 HLA-DQA2 HLA-DQB1 HLA-DQB2 HLA-DRA HLA-DRB1 HLA-DRB3 HLA-DRB4 HLA-DRB5 IFI30 KIF11 KIF15 KIF18A KIF20A KIF22 KIF23 KIF26A KIF2A KIF2B KIF2C KIF3A KIF3B KIF3C KIF4A KIF4B KIF5A KIF5B KIF5C KIFAP3 KLC1 KLC2 KLC3 KLC4 LAG3 LGMN OSBPL1A RAB7A RACGAP1 RILP SAR1B SEC13 SEC23A SEC24A SEC24B SEC24C SEC24D SEC31A SH3GL2 SPTBN2"
"Antigen presentation","reactome_Antigen processing-Cross presentation",101,"BTK CALR CD14 CD207 CD36 CHUK CTSL CTSS CTSV CYBA CYBB FCGR1A FCGR1B HLA-A HLA-B HLA-C HLA-E HLA-F HLA-G HLA-H IKBKB IKBKG ITGAV ITGB5 LNPEP LY96 MRC1 MRC2 MYD88 NCF1 NCF2 NCF4 PDIA3 PSMA1 PSMA2 PSMA3 PSMA4 PSMA5 PSMA6 PSMA7 PSMA8 PSMB1 PSMB10 PSMB11 PSMB2 PSMB3 PSMB4 PSMB5 PSMB6 PSMB7 PSMB8 PSMB9 PSMC1 PSMC2 PSMC3 PSMC4 PSMC5 PSMC6 PSMD1 PSMD10 PSMD11 PSMD12 PSMD13 PSMD14 PSMD2 PSMD3 PSMD4 PSMD5 PSMD6 PSMD7 PSMD8 PSMD9 PSME1 PSME2 PSME3 PSME4 PSMF1 RPS27A SEC22B SEC61A1 SEC61A2 SEC61B SEC61G SEM1 SNAP23 STX4 TAP1 TAP2 TAPBP TIRAP TLR1 TLR2 TLR4 TLR6 UBA52 UBB UBC VAMP3 VAMP8 mip porB"
"Antigen presentation","KEGG_ANTIGEN_PROCESSING_AND_PRESENTATION",88,"HLA-DOB KLRC3 KLRD1 KLRC1 KLRC2 RFXAP RFX5 IFNA5 IFNA4 IFNA2 IFNA1 LGMN PSME3 CTSS HLA-C HLA-B HLA-DMB HLA-DMA HLA-A HSPA1L HSPA1B HSPA2 KIR2DS5 HLA-G KIR3DL1 KIR3DL2 HSPA1A RFXANK CREB1 IFNA17 HSPA5 CD74 HSPA4 IFNA21 CTSL1 IFNA6 IFI30 IFNA7 IFNA8 IFNA10 IFNA13 CIITA IFNA14 IFNA16 KIR2DL5A HSPA6 HLA-DRB4 CD4 KIR2DL1 HLA-DRB5 LTA KIR3DL3 HLA-DRB3 TAP2 KIR2DS4 TAPBP CD8A CD8B TAP1 KIR2DS3 HSPA8 KIR2DL4 CANX KIR2DS1 KIR2DL2 KIR2DL3 KLRC4 LOC652614 NFYC HSP90AA1 NFYA NFYB HLA-F CTSB HLA-E CALR HLA-DPA1 HLA-DPB1 HLA-DQA1 PDIA3 HLA-DQA2 HLA-DQB1 PSME1 PSME2 HSP90AB1 B2M HLA-DRB1 HLA-DRA"
"Apoptosis and cell death","GO_APOPTOTIC_SIGNALING_PATHWAY",288,"TNFRSF25 ZMAT4 P2RX4 TMBIM6 BAG3 SGPL1 SCN2A CD24 TNFRSF10D PDPK1 CLU BLOC1S2 ACVR1B TNFRSF12A RPS27L BCL2A1 TNFRSF1B POLB ST20 MAP3K5 DYRK2 C16orf5 APPL1 MKNK2 IL12A MELK SNW1 BCL2L10 CASP8 DAP INHBA USP28 STK25 APOPT1 TNFSF12 BRCA1 PHLDA3 BCL2 ERO1L FNIP2 IFI16 SHISA5 TNFRSF4 TRADD ITGAV CIB1 CRIP1 NOL3 TP53BP2 CHEK2 E2F2 ERBB3 BCL2L1 UACA ZMAT1 NBN BMF ERN1 PTH TMEM109 SENP1 MAEL TNFSF10 DAPK3 TP63 NFATC4 RIPK3 ZNF385D DAB2IP CASP3 TNFRSF14 G0S2 MAPT TRIB3 FIS1 GPX1 ZNF346 JAK2 DAP3 FADD NUPR1 ABL1 MCL1 CD28 NF1 MYBBP1A RHOT2 FAS IL1A TICAM2 BOK CASP12 WWOX DNM1L UBE4B PDK2 TFPT NGFRAP1 CEBPB JUN PDCD10 KIAA0141 BTK SORT1 DIABLO SHH CHAC1 CD5 RIPK1 IL6R CD38 BRCA2 SOD2 ARL6IP5 MLLT11 PPARD FOXO3 DDIT4 C22orf29 ZNF385B UBE2K TOPORS BAD SFN SART1 TP53 GSK3A GSK3B CUL5 ADORA1 PARP2 SRGN BNIP3L PERP CCK FHIT SST KITLG CRH CASP4 BID TRAF2 RNF41 TNFRSF11A ITPR1 PPM1F DEDD2 DDX5 ATP2A1 TNFRSF18 TNFRSF8 IL1B TNFRSF9 HIPK1 CDKN1A RRP8 SELK PTGIS PYCARD PGAP2 TLR4 GABARAP DDX3X DAPK1 CASP10 TGFB1 HRAS LY96 NGF ERCC6 AEN TICAM1 IFI6 NDUFA13 EDA2R DDX47 CYCS CYP1B1 DPF2 PRKDC TNFRSF1A PPP2R5C IL2 P2RX7 ATM MLH1 SMAD3 HIP1 PIK3R1 HMOX1 EYA2 E2F1 EPHA2 PDK1 EP300 DAXX HTRA2 CUL3 CRADD FGFR3 STK11 BAG6 DIDO1 XPA RAF1 CASP8AP2 KRT18 ZNF385C FASLG SSTR3 PRKCD BAK1 ZNF622 IFI27 TNFRSF6B CIDEB LGALS12 CUL4A TNFRSF10A LAMP1 RELT APAF1 CUL2 BCL2L11 BNIP3 PPP1R13B CD3E TLR3 CAV1 BAX PMAIP1 MFF AIFM1 CD70 HINT1 BRSK2 ATF4 TP73 FASTK MSH2 ANXA6 PML HIC1 BCL3 ZMAT3 PRKCA TNF TNFRSF10B MAPK9 STK24 CASP2 RHOT1 CD14 DAPL1 DDIT3 TIMM50 PPP1R15A SGPP1 CD27 PRODH BBC3 PDCD6 IKBKE DEDD IL33 PAWR MSH6 DCC TNFRSF10C MOAP1 HIPK2 CD40 SPN DNAJC10 TM2D1 CASP9 NGFR TGFB2 CUL1 BCL2L2 XBP1 KRT8 TNFRSF11B IFNG IL4 GGCT SIVA1 TNFRSF21"
"Apoptosis and cell death","GO_INTRINSIC_APOPTOTIC_SIGNALING_PATHWAY",151,"DDX3X ERCC6 HRAS PYCARD SNW1 PGAP2 MELK TNFRSF1A PRKDC BCL2 PHLDA3 AEN BRCA1 EDA2R APOPT1 CYP1B1 CYCS USP28 STK25 CD24 CLU SCN2A RPS27L ZMAT4 ITPR1 PPM1F SIRT1 ATP2A1 TMBIM6 DDX5 POLB SELK ST20 RRP8 TNFRSF1B C16orf5 MAP3K5 DYRK2 BCL2A1 HIPK1 CDKN1A NFATC4 TP63 ZNF385C ZNF385D DAB2IP TMEM109 MAEL CUL4A ZNF346 JAK2 GPX1 ZNF622 PRKCD BAK1 CIDEB LGALS12 TRIB3 MAPT CRIP1 MLH1 HMOX1 TP53BP2 NOL3 PIK3R1 ERO1L FNIP2 PPP2R5C ATM IFI16 SHISA5 BAG6 ZMAT1 STK11 ERN1 XPA NBN PDK1 EP300 EPHA2 E2F1 E2F2 CHEK2 CUL3 BCL2L1 HTRA2 CEBPB ZMAT3 WWOX PML MSH2 HIC1 BCL3 PDK2 CHAC1 DDIT3 BRCA2 MLLT11 PPP1R15A ARL6IP5 TNFRSF10B TNF PDCD10 CASP2 DIABLO STK24 BNIP3 CUL2 BCL2L11 PPP1R13B MCL1 NUPR1 ABL1 APAF1 MYBBP1A CASP12 AIFM1 BOK TP73 ATF4 BRSK2 HINT1 PMAIP1 BAX CASP9 PERP FHIT BCL2L2 CUL1 HIPK2 DNAJC10 TRAF2 SIVA1 CASP4 XBP1 PRODH BBC3 TOPORS SART1 IKBKE TP53 SFN BAD DDIT4 ZNF385B SGPP1 UBE2K MSH6 CUL5 GSK3B MOAP1"
"Apoptosis and cell death","GO_EXTRINSIC_APOPTOTIC_SIGNALING_PATHWAY",98,"APPL1 PML IL12A WWOX CASP10 BCL2L10 DAPK1 DDX3X GABARAP NGFRAP1 TGFB1 NGF TNF CASP8 INHBA KIAA0141 TNFRSF10B NDUFA13 SORT1 DDX47 DIABLO CASP2 TNFSF12 RIPK1 BCL2 IL6R TNFRSF1A MLLT11 FADD MCL1 DEDD2 NF1 BAG3 TNFRSF18 BCL2L11 TNFRSF10D PDPK1 IL1B BLOC1S2 ACVR1B TLR3 TNFRSF9 TNFRSF12A BAX HIPK1 IL1A FAS BCL2A1 BOK TNFRSF1B ST20 CD70 KRT18 CASP8AP2 TGFB2 CASP9 FASLG DAB2IP BCL2L2 BAK1 CASP3 G0S2 KITLG BID IFNG KRT8 IL4 TRAF2 JAK2 SIVA1 TNFRSF10A RNF41 IL2 FOXO3 P2RX7 SGPP1 CD27 ITGAV SMAD3 CIB1 TRADD BAD PIK3R1 DEDD IL33 GSK3A EYA2 DAXX ERBB3 FGFR3 BCL2L1 CRADD GSK3B DCC TNFRSF10C RAF1 PARP2 MOAP1"
"Apoptosis and cell death","reactome_Regulation of TP53 Activity",159,"AKT2 AKT3 ATM ATR ATRIP AURKA AURKB BANP BARD1 BLM BRCA1 BRD1 BRD7 BRIP1 BRPF1 BRPF3 CCNA1 CCNA2 CCNG1 CDK1 CDK2 CDK5 CDK5R1 CDKN2A CHD3 CHD4 CHEK1 CHEK2 CSNK2A1 CSNK2A2 CSNK2B DAXX DNA2 DYRK2 EHMT1 EHMT2 EP300 EXO1 GATAD2A GATAD2B HDAC1 HDAC2 HIPK1 HIPK2 HUS1 ING2 ING5 JMY KAT5 KAT6A KMT5A L3MBTL1 MAP2K6 MAPK11 MAPK14 MAPKAP1 MAPKAPK5 MBD3 MDM2 MDM4 MEAF6 MLST8 MRE11 MTA2 MTOR NBN NOC2L NUAK1 PDPK1 PHF20 PIN1 PIP4K2A PIP4K2B PIP4K2C PLK3 PML POU4F1 POU4F2 PPP1R13B PPP1R13L PPP2CA PPP2CB PPP2R1A PPP2R1B PPP2R5C PRDM1 PRKAA1 PRKAA2 PRKAB1 PRKAB2 PRKAG1 PRKAG2 PRKAG3 PRMT5 PRR5 RAD1 RAD17 RAD50 RAD9A RAD9B RBBP4 RBBP7 RBBP8 RFC2 RFC3 RFC4 RFC5 RFFL RHNO1 RICTOR RMI1 RMI2 RNF34 RPA1 RPA2 RPA3 RPS27A SETD9 SGK1 SMYD2 SSRP1 STK11 SUPT16H TAF1 TAF10 TAF11 TAF12 TAF13 TAF15 TAF1L TAF2 TAF3 TAF4 TAF4B TAF5 TAF6 TAF7 TAF7L TAF9 TAF9B TBP TMEM55B TOP3A TOPBP1 TP53 TP53BP2 TP53INP1 TP53RK TP63 TP73 TPX2 TTC5 UBA52 UBB UBC USP2 USP7 WRN ZNF385A"
"Apoptosis and cell death","reactome_Oxidative Stress Induced Senescence",94,"AGO3 AGO4 BMI1 CBX2 CBX4 CBX6 CBX8 CDK4 CDK6 CDKN2A CDKN2B CDKN2C CDKN2D E2F1 E2F2 E2F3 EED EZH2 FOS H2AFB1 H2AFJ H2AFV H2AFX H2AFZ H2BFS H3F3A HIST1H2AB HIST1H2AC HIST1H2AD HIST1H2AJ HIST1H2BA HIST1H2BB HIST1H2BC HIST1H2BD HIST1H2BH HIST1H2BJ HIST1H2BK HIST1H2BL HIST1H2BM HIST1H2BN HIST1H2BO HIST1H3A HIST1H4A HIST2H2AA3 HIST2H2AC HIST2H2BE HIST2H3A HIST3H2BB IFNB1 JUN KDM6B MAP2K3 MAP2K4 MAP2K6 MAP2K7 MAP3K5 MAP4K4 MAPK1 MAPK10 MAPK11 MAPK14 MAPK3 MAPK8 MAPK9 MAPKAPK2 MAPKAPK3 MAPKAPK5 MDM2 MDM4 MINK1 MIR24-1 MIR24-2 MOV10 PHC1 PHC2 PHC3 RBBP4 RBBP7 RING1 RNF2 RPS27A SCMH1 SUZ12 TFDP1 TFDP2 TNIK TNRC6A TNRC6B TNRC6C TP53 TXN UBA52 UBB UBC"
"Cell cycle","btm_M4.1_cell cycle (I)",145,"BUB1B PLK1 PLK4 KIF2C SKA1 TPX2 CCDC99 ESPL1 DLGAP5 BRCA1 CENPN CENPM CENPK OIP5 CENPI CENPH CENPF CENPE SPAG5 MYBL2 CENPA CENPW KIFC1 H2AFX KIF23 CCNF NCAPH NCAPG TOP2A SPC24 SPC25 KIF11 NCAPG2 STMN1 DTL ZWINT FEN1 NEK2 CCNE2 EXO1 TIMELESS TTK TYMS CHEK1 SUV39H2 BUB1 CDC25C CDC25A SGOL2 NCAPD3 ZWILCH PBK GINS2 GINS1 GINS4 GPSM2 UBE2C CDC20 MELK DTYMK POLE2 UBE2S DSCC1 SMC2 POLA2 RFC5 CDT1 RFC3 SMC4 KIF15 PRKAR2B FOXM1 FBXO5 FANCD2 GMNN BRIP1 NDC80 CDC6 CDC7 NUSAP1 RACGAP1 ASPM ERCC6L KNTC1 CKS1B PRIM1 RANBP1 FANCI HELLS CKS2 PTTG1 UHRF1 C11orf82 TACC3 CDK1 RAD51 CDC45 KIF20B KIF20A MKI67 POLA1 MAD2L1 DHFR BIRC5 CEP55 RRM2 CHAF1B PRC1 APITD1 FAM83D DNA2 CCNA2 ECT2 TIPIN CDKN3 NUF2 CDCA2 CDCA3 SKA3 AURKA AURKB CDCA5 CDCA8 PCNA MCM10 MND1 ANLN KIF18A KIF18B MCM6 MCM5 MCM4 MCM2 CASC5 HJURP TRIP13 E2F7 CCNB2 CCNB1 E2F2 RFC4 E2F8 TUBG1 RAD54L MLF1IP"
"Cell cycle","btm_M4.0_cell cycle and transcription",335,"FXYD6 FAM198B HSPA6 BUB1B PLK1 NUF2 CD33 TIMP2 PLK4 CD36 C5AR1 FCGR1B FCGR1A S100A11 SEMA4A MAFB S100A12 KIF2C CPPED1 SKA1 TPX2 CCDC99 NUSAP1 TYROBP UBE2T FGR MARCKS ESPL1 C15orf42 DLGAP5 IRAK3 SIRPA CDCA7 BRCA1 CENPN CENPM CENPK OIP5 CENPI CENPH CENPF ALOX5 NOD2 MYBL2 ITGAX CENPA CLEC4E SPAG5 ZWINT CSF3R CENPW SLC15A3 DEPDC1B KIFC1 HPSE KCTD12 TNFAIP2 LST1 CD300LF ORC1L WHSC1 RBM47 H2AFX SECTM1 KIF23 RAB31 TLR2 CD163 CCNF DAPK1 TLR4 GLT1D1 CHAC2 PTAFR TLR8 TOP2A TCF19 SPC24 SPC25 CDC20 TNFSF13 C16orf75 CD1D CSF2RA STMN1 IGSF6 DTL PTTG3P EMR2 RASSF4 TROAP SLC31A2 FEN1 FAM64A TMEM106C FGL2 RIN2 POLA2 LY86 PLXNB2 STIL LILRB3 LILRB2 LILRB1 CLEC7A CCNE2 EXO1 TIMELESS RNF130 PAICS TNS3 CEACAM8 NEK2 DONSON HNMT WDFY3 CHEK1 GCA FCN1 SUV39H2 BUB1 TFEC CDC25C CDC25A NCAPH SGOL2 RTN1 NCAPG NCF1C PGLYRP1 GRN HCK KIF18B KIF15 PBK LOC100288693 GINS2 IL1RN IL13RA1 GINS1 RNASEH2A GINS4 NPL TIPIN KIF20B UBE2C HMOX1 CD93 APITD1 MELK CD14 DEPDC1 SIRPB2 POLE2 FPR1 KNTC1 SORT1 UBE2S KIF20A AIF1 MCM2 NCF2 NCF1 SMC2 POLQ MKI67 RFC5 CSF1R TK1 TMPO RFC3 KIF14 CCR1 C21orf45 CD302 FOXM1 FBXO5 FANCD2 ZWILCH GMNN BRIP1 KIAA0101 WDHD1 NDC80 CDC6 CDC7 SCPEP1 FCER1G SPI1 CYP1B1 RACGAP1 ASPM FAM54A ERCC6L CDT1 CKS1B MCM4 CD86 PRIM1 RAD51AP1 S100A9 SLC7A7 CST3 GGH FANCI E2F7 EPB41L3 MTMR11 LMNB2 CKS2 WDR76 CSTA HMMR RXRA CCDC34 ASGR1 ASGR2 LMNB1 KIF11 FES PTTG1 LGALS2 PADI4 UHRF1 C11orf82 KIAA1598 SHCBP1 LMO2 TACC3 APOBEC3A LRRC25 ALDH2 APOBEC3B CDK1 FAM72A ARHGAP11A RAD51 CDC45 PILRA GPSM2 CKAP2L DSCC1 TYMS CTSH POLA1 MAD2L1 STAB1 HELLS DHFR PLAUR BIRC5 CEP55 VCAN KIAA1524 EZH2 RRM2 RRM1 NLRP12 SYK PRC1 ATAD2 ZNF367 MYOF FAM83D SERPINA1 CEBPA DNA2 CCNA2 PLBD1 ECT2 CEBPD CDKN3 TBXAS1 DIAPH3 TTK TNFSF12-TNFSF13 KIF4A RMI1 CDCA2 CDCA3 SKA3 KLF4 AURKA AURKB CDCA5 MNDA POC1A CDCA8 FCGRT CENPE ASF1B PCNA C1orf112 MCM10 MS4A6A NEIL3 MND1 MPEG1 ANLN KIF18A PRKCD FCGR2A CYBB MCM6 MCM5 KYNU NCAPG2 IFI30 CASC5 TGFBI HJURP TRIP13 PPIL5 CPVL DMXL2 CCNB2 CCNB1 AOAH CHST15 E2F2 C12orf48 CFD SLC11A1 RFC4 CLEC4A E2F8 RAD54L TYMP LILRA6 MLF1IP SEPX1 SIGLEC7 LILRA2 CFP LILRA1"
"Cell cycle","KEGG_P53_SIGNALING_PATHWAY",68,"CASP8 SFN TSC2 IGF1 CDK1 GADD45B RCHY1 ZMAT3 IGFBP3 RRM2B BAI1 TP73 SERPINB5 RPRM PPM1D BID MDM4 BAX MDM2 TP53AIP1 CASP3 TP53I3 PMAIP1 PIDD RFWD2 PERP GADD45G EI24 SESN2 ATM ATR SESN3 CHEK2 APAF1 CDKN2A RRM2 CDKN1A BBC3 GADD45A TNFRSF10B DDB2 GTSE1 SIAH1 CCND1 CD82 PTEN CDK2 CHEK1 SESN1 CDK4 SERPINE1 TP53 CCNE2 FAS CDK6 CYCS STEAP3 CCNB2 LOC651610 CCND2 SHISA5 CCNB1 CCNG1 CCNE1 CCNB3 THBS1 CCNG2 CCND3"
"Cell cycle","GO_SIGNAL_TRANSDUCTION_BY_P53_CLASS_MEDIATOR",126,"CNOT3 UBA52 ZNF385A ZNF346 MAGEA2 MUC1 MYO6 C2orf29 SP100 TMEM109 CDKN1B TFDP1 HIPK2 ING4 ZNF385D PERP FHIT ARID3A MDM2 E2F7 PLK2 TP63 ZNF385C RQCD1 CDK2 CRADD CCNB1 EP300 E2F1 E2F2 CHEK2 PLAGL1 CNOT6 NBN BTG2 BAG6 ZMAT1 PCNA STK11 CDK1 ATM RPS6KA6 IFI16 RPS27A SHISA5 DDIT4 ZNF385B PPP2R5C CNOT1 FOXO3 CNOT10 TP53BP2 TP53 SFN UBC C13orf15 CARM1 MDM4 TFAP4 FOXM1 GREM1 TOPORS EDA2R BRCA1 CASP2 USP28 UBB CNOT7 MIF BATF CNOT2 AEN BRCA2 PLK3 CENPJ PHLDA3 GML RBL2 PIDD MAGEA2B PRMT1 NDRG1 KAT5 SNW1 BCL3 PGAP2 PDK2 PAXIP1 WWOX PCBP4 PML GTSE1 PYCARD GADD45A NPM1 MSH2 E2F4 CNOT6L ZMAT3 CDKN1A CNOT4 PMAIP1 BAX HIPK1 TP73 C16orf5 HINT1 DYRK2 ATRX RRP8 BOK MYBBP1A CNOT8 RBM38 DDX5 ZMAT4 NUPR1 SIRT1 RPS27L SOX4 TRIAP1 TNKS1BP1 PPP1R13B USP10 CDC25C AURKA"
"Hypoxic response","HALLMARK_HYPOXIA",200,"PGK1 PDK1 GBE1 PFKL ALDOA ENO2 PGM1 NDRG1 HK2 ALDOC GPI MXI1 SLC2A1 P4HA1 ADM P4HA2 ENO1 PFKP AK4 FAM162A PFKFB3 VEGFA BNIP3L TPI1 ERO1A KDM3A CCNG2 LDHA GYS1 GAPDH BHLHE40 ANGPTL4 JUN SERPINE1 LOX GCK PPFIA4 MAFF DDIT4 SLC2A3 IGFBP3 NFIL3 FOS RBPJ HK1 CITED2 ISG20 GALK1 WSB1 PYGM STC1 ZNF292 BTG1 PLIN2 CSRP2 VLDLR JMJD6 EXT1 F3 PDK3 ANKZF1 UGP2 ALDOB STC2 ERRFI1 ENO3 PNRC1 HMOX1 PGF GAPDHS CHST2 TMEM45A BCAN ATF3 CAV1 AMPD3 GPC3 NDST1 IRS2 SAP30 GAA SDC4 STBD1 IER3 PKLR IGFBP1 PLAUR CAVIN3 CCN5 LARGE1 NOCT S100A4 RRAGD ZFP36 EGFR EDN2 IDS CDKN1A RORA DUSP1 MIF PPP1R3C DPYSL4 KDELR3 DTNA ADORA2B HS3ST1 CAVIN1 NR3C1 KLF6 GPC4 CCN1 TNFAIP3 CA12 HEXA BGN PPP1R15A PGM2 PIM1 PRDX5 NAGK CDKN1B BRS3 TKTL1 MT1E ATP7A MT2A SDC3 TIPARP PKP1 ANXA2 PGAM2 DDIT3 PRKCA SLC37A4 CXCR4 EFNA3 CP KLF7 CCN2 CHST3 TPD52 LXN B4GALNT2 PPARGC1A BCL2 GCNT2 HAS1 KLHL24 SCARB1 SLC25A1 SDC2 CASP6 VHL FOXO3 PDGFB B3GALT6 SLC2A5 SRPX EFNA1 GLRX ACKR3 PAM TGFBI DCN SIAH2 PLAC8 FBP1 TPST2 PHKG1 MYH9 CDKN1C GRHPR PCK1 INHA HSPA5 NDST2 NEDD4L TPBG XPNPEP1 IL6 SLC6A6 MAP3K1 LDHC AKAP12 TES KIF5A LALBA COL5A1 GPC1 HDLBP ILVBL NCAN TGM2 ETS1 HOXB9 SELENBP1 FOSL2 SULT2B1 TGFB3"
"Hypoxic response","GO_CELLULAR_RESPONSE_TO_OXYGEN_LEVELS",142,"SIRT1 TRPC1 BDKRB2 EPO C4orf49 FAM162A ANGPT4 UBE2D3 VASN PTGIS NKX3-1 CLCA1 DNMT3B NDRG1 TWIST1 CPEB4 UBB S100B TBL2 ACAA2 SLC9A1 BCL2 EDN1 MYOCD NPEPPS EIF4EBP1 CPEB2 PPARGC1A VLDLR DRD1 KCNK3 ERO1L PPARG HMOX1 PTEN MDM4 P4HB STOX1 RBPJ DNMT3A E2F1 EP300 DAXX PDK1 FMN2 HIF3A FOXO1 SLC2A4 ADAM8 MDM2 SLC8A3 SRC SLC8A1 NDNF SIRT2 CA9 TCEB1 PINK1 PICK1 LPAR1 HIF1AN EPAS1 ATG7 UBE2D2 UBE2D1 AKT1 CAV1 HYOU1 C12orf5 CUL2 MTOR BNIP3 GNB1 ADRB2 EGLN3 PTN PMAIP1 FAS KCND2 HP1BP3 CPEB1 AIFM1 SIRT4 STC1 GNGT1 SUV39H2 RORA PRKCE UCN2 PLAU RBX1 PRKAA1 MT3 PDK3 SLC29A1 ENDOG BACH1 VHL FABP1 HIF1A EGLN1 SUV39H1 PPP1R15A PLK3 GATA6 TRPC6 RPS27A ANKRD1 PPARD UBC C13orf15 BAD TP53 STC2 BBC3 EEF2K CREBBP NOTCH1 MYOD1 EGR1 EGLN2 CCNB1 UBQLN1 TCEB2 CITED2 LMNA CCNA2 HIPK2 OPRD1 KCNK2 BNIP3L SFRP1 ARNT IRAK1 ICAM1 UBA52 TSC1 AQP1 BMP7 VEGFA TERT PTGS2"
"Hypoxic response","KEGG_OXIDATIVE_PHOSPHORYLATION",134,"UQCR10 NDUFA5 NDUFA4 COX6CP3 PPA2 ATP5J2 NDUFS7 CYTB ATP6V0A1 ATP6V1G2 ATP6V0B ATP5O COX2 COX1 ATP6AP1 COX8C COX3 COX5B COX4I1 ATP6V0A4 ATP12A ATP6 ATP8 ATP5H NDUFA2 NDUFA3 NDUFA1 LOC100133737 ATP5G1P5 UQCRQ ATP6V1H ATP5D LHPP ATP6V0D2 COX7A2L ATP5G3 ATP6V1C2 ATP5G2 ATP5G1 ATP5F1 ATP5E COX5A TCIRG1 UQCRHL ATP4B ATP6V1D ATP4A ATP5A1 ATP5J ATP5I SDHA ATP6V1A ATP6V1E1 NDUFA4L2 ATP6V1B2 ATP6V1B1 ATP6V1C1 ATP6V0C COX10 COX8A COX7C LOC642502 SDHD SDHB SDHC ATP6V1G3 COX7B COX7A1 COX7A2 COX6C COX17 ATP5B COX6B1 ATP5C1 LOC644310 ATP6V1F COX7B2 ATP6V0A2 UQCRB ATP6V0D1 COX6A2 COX6A1 UQCRH UQCRFS1 UQCRC2 UQCRC1 NDUFB3 NDUFB1 NDUFB2 NDUFA10 NDUFAB1 ATP6V0E2 ND6 NDUFA9 ND5 NDUFA7 NDUFA8 UQCR11 NDUFA6 NDUFV3 ATP6V1E2 ND4 ND4L LOC727947 ND2 COX6B2 PPA1 ND3 COX4I2 ND1 ATP5L ATP6V0E1 NDUFA11 NDUFB10 NDUFS8 NDUFC1 NDUFC2 NDUFS1 NDUFV2 NDUFB6 NDUFS4 NDUFB7 NDUFV1 NDUFB8 NDUFS6 NDUFB9 NDUFS5 NDUFS2 NDUFB4 NDUFS3 NDUFB5 CYC1 COX11 COX15"
"steroid response","GO_STEROID_METABOLIC_PROCESS",236,"NPC2 ACOT8 PTCHD2 STS HSD17B1 MVD ANGPTL3 MVK PCSK9 UGT2B15 CYP2D6 ACAA1 CYP2A6 AKR1C1 CUBN MBTPS2 CYP21A2 TNFSF4 ATP8B1 PMVK ABCA1 CYP3A4 CAT APOL1 BAAT HSD17B3 AKR1B15 SC5DL NSDHL HSD17B11 HSD17B2 SHH CYB5R1 FABP6 APOA2 CYP46A1 C20orf79 SULT1A1 SQLE CYP39A1 CYP19A1 YWHAH SULT2B1 LSS APOA5 SRD5A3 CACNA1H ARV1 CEBPA PRKAA1 MT3 EBPL CH25H CETP CYP2E1 WNT4 TIPARP C14orf1 WWOX HINT2 CNBP APOA1 CYP1A2 HSD3B7 CYP7A1 FDX1L CYP11B1 HMGCS2 APP HMGCS1 SULT1B1 APOF CLN8 DHRS2 AKR1C3 TSPO FDXR LRP2 HSD17B7 SLCO1B1 CYP11A1 FGF23 UGT2B7 SDR42E1 UGT2B11 SRD5A1 PPARD ABCB11 SLCO1C1 HSD11B2 LBR CFTR CYP1A1 IL4 ACBD3 PON1 LEPR LCAT NPC1 PRKAG2 GGPS1 CRH SULT1E1 AKR1C4 PRLR G6PD CYP27A1 SCAP SRD5A2 RXRA NPC1L1 AKR1B10 GBA2 SULT2A1 CYP8B1 AKR1C2 STAR UGT2B17 IDI1 LOC100288072 SERPINA6 HSD17B14 HSD17B4 DHCR7 UGT1A8 MECP2 NR0B2 CYB5R3 CYP11B2 NR5A2 PBX1 LIPE CYP4V2 STAT5B SULT1A2 CYP3A5 FSHB DHRS4 CYP24A1 INSIG1 IL1B HMGCR SULT4A1 TFCP2L1 UGT1A1 LHB SLCO1A2 HSD11B1 CYP51A1 AKR1D1 CELA3B ADM LDLRAP1 SCARF1 HSD17B12 SULT1A3 HSD17B6 SGPL1 CLN6 CYP2C19 SOAT2 AKR1B1 CYB5R2 NR1I2 HSD3B1 APOB MBTPS1 RDH8 SOAT1 HDLBP SLCO1B3 SCARB1 CYP1B1 ERLIN2 ACOX2 DHRS9 LRP5 EBP ACAA2 OSBPL5 CYP7B1 CEL PRKAA2 TRERF1 LIPC CYP27B1 SNX17 DHCR24 CYP2C9 SREBF2 ABCG1 UGT2B4 CYP17A1 APOC1 LEP ACLY LGMN SREBF1 LDLR TM7SF2 SLC27A2 G6PC APOBR APOE PPARGC1A SULT1A4 VLDLR MSMO1 IDI2 HSD3B2 AFP STARD5 GC PLEKHA1 OSBPL1A FDFT1 APOL2 FDX1 CELA3A LIPA AMACR APOA4 ESR1 STARD3 INSIG2 HSD17B8 FDPS SORL1 COMT SLC27A5 NR0B1 CYP2B6 SCP2 ERLIN1 NR1H4 MED1"
"steroid response","GO_RESPONSE_TO_STEROID_HORMONE",496,"DEFA1 PAQR9 SCGB2A1 DNAJA1 ERRFI1 NEDD4 CAT RXRG AACS CCL2 NCOA6 GHR SLC6A4 CD4 MSN CAV1 CATSPERG BAX DEFA3 TSHB UROD SCGB1A1 STC1 AIFM1 STS CBX3 PIAS2 GPR83 SPP1 ADCYAP1R1 TRIM63 MED16 NR2F1 OXT BGLAP TNF HIF1A YWHAH IRG1 IGF2 MED13 NR1D1 C20orf123 ADIPOQ APOA2 NPY1R KDM3A CDO1 F3 MED12 SRD5A1 IHH NR3C1 UBR5 TYMS RBM14 CARM1 AKR1C3 TSPO BDH1 NR2E3 TAT AGER FKBP4 PDGFRB MED24 MMP14 NOTCH1 MYOD1 NR2F6 PAWR PAM NR4A2 GPER ACVR1 HMGCS2 MYOG ATP2B1 STAT3 SOCS2 TH SLIT2 ARNT2 STAR C3 CASP9 TGFB2 CDK2 DDX54 MBD1 NCOA3 SPARC CALM1 WNT8B PELP1 TNFRSF11B CATSPER1 CCND1 NR1H3 PAQR8 LCAT UTS2 MFGE8 CTNNA1 CITED4 NPC1 PTGFR HSD11B2 CCL5 CCNE1 GRN UBE2L3 EPO CITED1 JUNB EEF2 THRAP3 NASP AURKA ADM CAD IL1B SHC1 C4orf49 ARSB PMEPA1 MED14 UGT1A1 DUSP1 CALM3 NTRK3 HNF4G RNF4 NEFH CPS1 CDKN1A UGT3A2 MECP2 NKX3-1 TGFB1I1 PTCH1 NR2E1 SERPINF1 PDX1 CYP17A1 PLA2G4A PGR FLT3 RB1 PPARGC1B ABCA2 GHRHR REST CPN1 TK1 TGFB1 FN1 TACR3 GH1 S100B IDH1 POU4F2 ALDH1A2 MAOB IL10 MDK UCN MSX2 ABCC2 EDN1 NR2C1 HMBS RNF14 MBP ARID1A DRD1 CALR HNF4A IGF1 ALDH3A1 MBD4 TFAP4 NCOA1 MED30 AGL WNT7A PPARG PTEN HMOX1 CRHBP SLC34A2 C19orf2 MAPK1 DAXX GBA EP300 IFNB1 GOT1 SLC9A3 PTAFR EZH2 RARB ABCG2 AREG KCNJ11 PTGER3 GJB2 FOXO1 MLL2 RUVBL2 DHH BMP4 AGXT NR5A1 SSTR5 PDCD7 GSTP1 SRC SLIT3 LEF1 NEFL MDM2 SSTR3 LCT PTPRU RORB KLF9 MTAP GC SPHK1 RAMP3 EGFR AVPR1A IL22 PIAS1 HMGB2 CATSPER2 RBFOX2 SLC6A1 UBE3A NR4A3 TGFB3 SOCS3 TIMP3 IL17A HTR1B DSG2 TEK WFDC1 ZNF366 TADA3 ATP1A3 PTN CCL1 FAS ESRRB ADRB2 KRAS KRT19 CRYAB FGA MMP15 FECH ETS1 CALCR GATA3 LDHA UCN2 AANAT RXRB APOA1 CYP1A2 RARG RORA KAT5 MAPK15 ENDOG CRIPAK NR4A1 PSPH ASH2L ELK1 ALAD FOSB SMYD3 RBBP5 RBBP7 HSP90AA1 GATA6 ALDOB ASS1 CD38 BRCA2 PTGER4 PPARD TRIM25 CALM2 ACSBG1 WNT5A NKX2-2 MED17 BAD SSTR4 HOXB13 PDGFA BCHE NR2F2 OR51E2 EGLN2 ISL1 DEFA1B CCNA2 GSK3B IL4R ABHD2 ALPL GRIP1 CITED2 CATSPERB ESRRG CA2 ANXA3 CDKN1B FHL2 CCDC62 SSTR1 TRH GLI3 THRA CRHR2 NQO1 CATSPER4 SFRP1 SLC34A1 NR6A1 ITGA2 OPRL1 GNRH1 SRD5A2 RXRA ANXA1 PAQR5 RORC STRN3 PTPRN SST CRH TMEM146 DSG1 CNGA3 H2AFZ BID PDGFB OGG1 PTGS2 ZNF703 PPAP2A MSTN AQP1 AVP NRIP1 BMP7 TRIP4 CATSPER3 LOX CTSL2 AHR NR2C2 RARA COL1A1 CLDN4 SMAD6 NRF1 CD24 UCP3 HMGB1 IL6 TPH2 NR1H2 RPS6KB1 PHB TRIM24 NR1I3 STAT5B MMP13 SGK1 ESRRA SLC18A2 NR5A2 RBBP8 HNRNPD MBD3 OPRK1 NR0B2 TGFBR2 GSTM3 CDK4 CYP27B1 RAN DNMT3B AR RGS9 CDK7 PTGER2 LIPC CASP8 ABCA3 IGFBP2 POSTN BMP6 GHRL DEFB1 MED4 BRCA1 SAFB PADI2 ACTA1 CALCOCO1 F7 RAMP2 ADCYAP1 NR1I2 BCL2 THRB PPARGC1A ROCK2 BCAS3 ADAM9 PTGDS DNMT1 FOXA1 NOS1 ATP1A2 VDR HEY1 RHOXF1 NME1 PTGS1 TACR1 PRDM2 SSTR2 NR1D2 ARG1 NPAS4 ESR2 INSR LEP SOX30 DNMT3A DRD4 SREBF1 PAQR6 SFR1 NTS WBP2 PENK NR3C2 TXNIP FGF10 PAQR7 IL1RN OXTR NR1H4 ACR SERPINB9 MED1 DTYMK CTNNB1 SOCS1 NR0B1 ACADS PFKFB1 PLN PPARA PGRMC2 HTR5A ATP1A1 SDC1 FBXO32 THBS1 CCKAR ESR1 AIF1 GAL RELA AGTR2 CASP3 GABRB1 CTGF NCOA4 TAF7 JAK2 HNMT CA9 FOS HNRNPU"
"steroid response","GO_RESPONSE_TO_CORTICOSTEROID",175,"BCL2 ADCYAP1 UCN MDK IL10 MAOB S100B BMP6 ABCA3 IGFBP2 FN1 LIPC TGFB1 CPN1 TK1 REST DNMT3B PPARGC1B GHRHR PLA2G4A FLT3 RAN PDX1 SERPINF1 CDKN1A SLC18A2 CPS1 SGK1 DUSP1 CALM3 NTRK3 UGT1A1 SHC1 IL1B RPS6KB1 UCP3 ADM HMGB1 IL6 TPH2 CAD JUNB COL1A1 CTSL2 AHR UBE2L3 HNRNPU AVPR1A IL22 FOS HNMT CTGF CASP3 KLF9 AGTR2 PTPRU AIF1 FBXO32 SSTR3 CCKAR NEFL SDC1 SRC SLIT3 GSTP1 PFKFB1 ACADS SSTR5 PDCD7 BMP4 AGXT FOXO1 IL1RN NTS AREG SLC9A3 PTAFR ABCG2 IFNB1 SOX30 GOT1 INSR GBA EP300 SSTR2 NPAS4 ESR2 ARG1 PTGS1 HEY1 AGL TFAP4 ADAM9 ALDH3A1 PTGDS IGF1 HMBS ALDOB ASS1 APOA2 SMYD3 ADIPOQ ALAD FOSB TNF HIF1A BGLAP OXT TRIM63 AANAT UCN2 GPR83 CALCR CBX3 SCGB1A1 STC1 FECH AIFM1 KRAS ADRB2 FAS BAX CCL1 CAV1 HTR1B CCL2 IL17A ERRFI1 SOCS3 FOSL1 AQP1 HSD11B2 CCL5 CCNE1 PTGS2 MSTN LCAT CNGA3 CCND1 CRH CALM1 SPARC ANXA1 RXRA GNRH1 CASP9 C3 CRHR2 STAR TRH SLIT2 TH ANXA3 ATP2B1 GPER ACVR1 HMGCS2 ALPL PAM ISL1 NOTCH1 MYOD1 BDH1 TAT BCHE SSTR4 BAD AKR1C3 NR3C1 TYMS SRD5A1 WNT5A CDO1 CALM2 ACSBG1"
"B cell activation","GO_B_CELL_ACTIVATION",131,"ICOSLG LIG4 IFNA6 PIK3CD ZAP70 NKX2-3 HHEX PLCL2 LFNG MSH6 IFNA8 CD180 IL7R NTRK1 CD40 HDAC4 EXOSC3 RAG1 ATP11C IL11 CLCF1 GPR183 ITFG2 CMTM7 IL4 AKAP17A GPR97 ABL1 CHRNB2 IFNA16 ZBTB1 TXLNA BAX MS4A1 LRRC8A EXO1 EXOSC6 HDAC5 BST2 LAT2 POLM LYL1 MSH2 BCL3 IFNA10 BLNK PTPRC VPRBP BATF SP3 BTK DCLRE1C KLF6 KIT RNF168 IFNA7 CTPS RNF8 IFNK FNIP1 ADAM17 ITGB1 CXCR5 ATM ADA MLH1 IFNA4 PIK3R1 PLCG2 EP300 CD79A DLL1 RBPJ IFNA13 TPD52 IFNB1 MALT1 IFNE NBN MEF2C CD40LG TCF3 LEF1 GAPT CHRNA4 JAK3 IKZF3 BAK1 PTK2B PRKCD CDH17 IFNA1 IFNA2 IFNA14 RAG2 LAX1 LGALS1 NOTCH2 IFNW1 CR2 FZD9 HDAC9 ERCC1 IFNA17 HSPD1 IFNA21 MFNG NFAM1 ITGA4 PRKCB ONECUT1 VCAM1 CD79B NHEJ1 POU1F1 CEBPG TLR4 FLT3 AICDA BANK1 SKAP2 POU2F2 CASP8 CD86 PTPN2 SWAP70 IGBP1 IL10 BCL6 BCL2 PRKDC"
"B cell activation","GO_B_CELL_RECEPTOR_SIGNALING_PATHWAY",53,"KLHL6 NFAM1 BAX IGHG2 MAPK1 CD79A NCKAP1L BLK PLCG2 LAT2 IGKC CD79B IGLC2 PRKCB IGLC7 IGHM CTLA4 IGLC3 IGHG4 PTPN6 ABL1 IGHV3-23 VAV3 IGHE IGLL5 MNDA ZAP70 PIK3CD NFATC2 PLEKHA1 IGLC6 SYK IGHV1OR21-1 IGHD BTK BCAR1 CD38 BCL2 IGHG3 LCK LYN LIME1 IGHA2 TRDC MEF2C CD19 IGHA1 RFTN1 IGLC1 TEC PTPRC IGHG1 IGLL1"
"B cell activation","KEGG_B_CELL_RECEPTOR_SIGNALING_PATHWAY",74,"SOS2 CHUK RAF1 PRKCB MALT1 CARD11 PPP3R2 PPP3CC PPP3R1 PTPN6 INPP5D DAPP1 RAC2 MAP2K2 RAC3 CD19 MAP2K1 VAV1 CD22 CD72 IKBKB CD79A AKT1 CD81 CR2 AKT2 CD79B VAV2 AKT3 NRAS CHP2 GRB2 RASGRP3 NFAT5 MAPK3 NFKB1 NFKBIB RAC1 NFKBIA SOS1 FCGR2B NFKBIE MAPK1 PIK3R5 IKBKG HRAS IFITM1 NFATC4 RELA NFATC3 GSK3B KRAS SYK BTK PIK3R3 BLNK PIK3AP1 PPP3CB PPP3CA LILRB3 PIK3CA PIK3CB PIK3CD PLCG2 BCL10 NFATC2 FOS NFATC1 PIK3CG LYN VAV3 PIK3R1 PIK3R2 CHP"
"B cell activation","btm_S2_B cell surface signature",169,"SSPN AVPR1A KCNE4 TSPAN13 CD37 HEPACAM2 GYPA SEMA4B EGF GPR37 MS4A1 C11orf87 USH2A PPP1R3A OR12D3 POPDC3 DCC SLC12A1 GP5 CDH5 SLITRK6 HLA-DPB1 PCDHA3 TRHDE FAIM3 CD22 GHR LY9 TAS2R13 FLRT2 TPTE TMEM100 GYPE PLD4 ADAM7 KCNMB3 FCRL3 GPR6 CSPG4 SYT2 ROBO2 NRXN3 FREM2 TRPC1 GPR116 TMEM47 SCN3A NPY1R LPPR4 NOX4 PDZK1IP1 CCR9 CD200 GABBR1 EDNRB GJC1 LHCGR PCDHB8 NT5E PDPN PCDHB4 CLDN8 LRRTM4 HRH4 NMBR NCAM2 GRM5 TM4SF20 IL5RA JAM2 JAM3 IL28RA MC3R F2RL3 ASTN1 MOGAT2 SLC26A7 SLC24A1 TACR3 CR2 IL13RA2 IMPG2 LRRC19 TMEFF2 ITM2C PCDH10 BTC GPR98 AGTR1 CD19 TMEM133 CD72 UGT2A3 OR11A1 TLR10 CSMD1 TRPC7 CCR6 GABRA5 PLP1 CD79B CLCA4 CD79A CNR1 EPHA3 SLC30A10 SGCE BTLA CHRNB4 PCDHB10 PCDHB16 PCDHB15 PCDHB14 CADM2 GPR85 SLC6A15 GPR87 NLGN1 SLC13A1 CELSR1 OR1E1 GABRB1 CD180 ADAM28 CXADR TAAR2 HHLA2 SLC17A6 CNTNAP3 SLC6A16 HLA-DOA HLA-DOB HLA-DPA1 ABCA8 CD52 OR2J2 CHL1 TMEM156 SLC5A7 P2RX5 OR2W1 LPHN3 LPHN2 HLA-DRA LRP1B CXCR5 ABCB4 FCRL1 FCRL2 PCDH20 FCRL5 KCND2 SLC44A5 ITGB6 NLGN4Y FCGR2B CHRM2 PTH2R HEPH CD24 PCDH9 BAI3 PTPRR SELE FAM26F SCN1A HTR1E PTPRK HLA-DMA"
"Activation/response","GO_LYMPHOCYTE_ACTIVATION",341,"BTN3A1 CD40LG GAPT LEF1 CDH17 F2RL1 PRKCD PTK2B BAK1 IKZF3 IMPDH2 IFNA2 TNFSF18 NCK1 ATM ITGB1 TCF7 IL2 ADAM17 P2RX7 DOCK2 PIK3R1 IFNA4 SPI1 MLH1 ATG5 SMAD3 DPP4 PKNOX1 IFNB1 TPD52 IFNA13 CLEC4D ITGB2 DLL1 CD79A LCP1 PLCG2 IL12B EP300 CCR7 IL21R SLC11A1 IFNE STK11 CD6 CDK6 AICDA EOMES FLT3 TLR4 CEBPG DLG1 POU1F1 BCL11B POU2F2 SKAP2 TGFB1 PTPN2 RELB AZI2 HELLS PRF1 EIF2AK4 PRKDC PLA2G2D IL10 CD74 PIK3CG IFNAR1 FZD7 FZD9 RAG2 LGALS1 TREML2 IFNA17 ERCC1 TBK1 TBX21 SLA2 NFAM1 CD79B ONECUT1 PRKCB VCAM1 VAV1 JMJD6 ITGA4 ATP11C HDAC4 CD40 SPN NTRK1 IL7R PPP3CB RSAD2 FCER1G IRF1 TYRO3 INS GPR183 JAG2 CD1C VAMP7 IFNG TNFSF14 RIPK2 ULBP2 KIR3DS1 IL18R1 IL4 NCR1 KLRC4-KLRK1 IL2RB ICOSLG HHEX CRTAM NKX2-3 SLAMF6 CORO1A RPS6 EGR1 IMPDH1 SNX27 IFNA8 MSH6 SATB1 WNT4 BCL3 LAT ITGAL MSH2 CLEC7A POLM NKAP PREX1 CADM1 ID2 PTPRC BLNK B2M IFNA10 RC3H1 FLT3LG ZFPM1 FOXP3 DCLRE1C CARD11 CD2 BATF SP3 CD1D RC3H2 CTPS IL15 IFNA7 RPL22 FKBP1B ZBTB1 FZD8 NEDD4 CHRNB2 APBB1IP CD3D CD3E CD4 SOX4 TNFSF8 TNFSF4 PPP3CA IL7 BAX MS4A1 CD3G EBI3 BST2 EPHB1 EXOSC6 MICA CD80 PAX1 MAFB CCND3 MEF2C DNAJA3 CD244 NCSTN CTNNB1 RIPK3 ZFP36L1 CHRNA4 HLA-E PTPN22 IFNA1 BRAF JAK3 IFNA14 CXCR5 TNFRSF4 UNC13D SEMA4A ATP7A FZD5 ADA ITPKB MALT1 LEP TUSC2 RBPJ DDOST RHOH NBN FOXN1 NHEJ1 MYH9 SLAMF7 PATZ1 C1orf177 IRF4 BANK1 KLRF2 CASP8 CD86 BCL2 ELF4 BCL6 IGBP1 SWAP70 STOML2 AMICA1 ZFP36L2 NLRC3 IFNW1 CR2 NOTCH2 LAX1 IFNA21 HSPD1 WNT1 HDAC9 HMGB1 IL6 IL18 STAT5B CD8B MFNG IKZF1 RAB27A KLRK1 RAG1 GLI3 EXOSC3 THEMIS ULBP3 CD180 CD276 WAS CLCF1 IL11 CMTM7 ITFG2 ANXA1 ICAM1 PRLR DOCK8 RORC HSH2D TSC1 CCL21 AKAP17A FOXP1 CXADR LEPR SLAMF1 IFNA5 ITK KIF13B AXL IFNA6 PIK3CD ZAP70 CD151 AIRE CBFB LIG4 LILRB1 ZNF683 FKBP1A LFNG BMX PLCL2 LY6D SRF CHD7 RORA HPRT1 CYP26B1 CD8A MERTK LYL1 CD7 CCL19 CEBPB FUT7 RUNX2 DLL4 RNF168 SYK IL23A NCK2 STAT6 KIT KLF6 VPRBP ULBP1 BTK FNIP1 IFNK PTGER4 LCK RNF8 SHH PSEN1 IFNA16 FADD LY9 ABL1 GPR97 CD28 FYN TXLNA VAMP2 EXO1 LRRC8A MICB FAS LAT2 GATA3 CLEC4E HDAC5 PSMB10"
"Activation/response","KEGG_JAK_STAT_SIGNALING_PATHWAY",154,"STAT4 STAT1 STAT2 PIAS3 TYK2 IL21R CREBBP SOCS5 IL23A CTF1 STAM SPRY4 IL22 JAK1 AKT1 AKT2 JAK3 JAK2 AKT3 STAT5B STAT5A TPO STAT6 MYC IL24 SPRED1 PIK3R5 CSF2 IL13RA2 PIAS1 IL13RA1 CNTF PRLR CNTFR PRL SOCS1 IFNE CSF2RB CSF2RA IL23R CSF3 SOCS3 CCND1 IL22RA2 CSH1 BCL2L1 CSF3R PIAS4 CBLC CLCF1 OSMR IL20 CCND2 CCND3 SOS2 EPO PTPN11 IL9R MPL SPRED2 IFNA5 IFNA4 IFNA2 IL28RA SOCS2 IFNA1 CISH PTPN6 IL9 IL7R IL12RB1 IL12B IL13 IL12RB2 IL11RA IL12A IRF9 IFNA17 PIAS2 IFNA21 IFNA6 LEPR IFNA7 IFNA8 IFNA10 IFNA13 GRB2 IFNA14 LEP IFNA16 IL26 IL19 IL10 IL10RA SOS1 IL10RB EPOR IL11 IL3RA IL3 EP300 IL2RG IL2RB CBLB OSM CBL IL15RA IFNGR2 IL15 IFNG IFNGR1 IFNB1 IFNAR1 IFNAR2 IL21 IL20RB IL2RA IL22RA1 IL20RA IL2 IL6R PIK3R3 CRLF2 IFNK SPRY2 IL6ST SPRY1 IL7 STAM2 GHR IL28B IL29 SOCS4 PIK3CA PIK3CB PIM1 IL28A PIK3CD LIF GH1 GH2 IFNW1 LIFR TSLP IL4 IL4R SPRY3 IL5 PIK3CG SOCS7 IL5RA PIK3R1 IL6 PIK3R2"
"Activation/response","KEGG_CHEMOKINE_SIGNALING_PATHWAY",189,"STAT3 STAT1 STAT2 CCL3L1 CCL2 GNB4 CCL3 ADRBK2 ADRBK1 CCL5 CCL4 CX3CR1 CCL13 CCL11 CCL8 CCL7 CCL3L3 ROCK1 PTK2 BRAF CXCL14 VAV1 CCL14 CCL15 IKBKB AKT1 AKT2 JAK3 SHC4 DOCK2 JAK2 CCL18 GRK7 ARRB2 CCL17 ARRB1 CCL20 VAV2 CCL19 AKT3 NRAS CCL21 CCL23 TIAM1 CCL22 GNG13 STAT5B NFKB1 GRK1 NFKBIB NFKBIA CCL16 PIK3R5 RELA GNG7 GNG5 KRAS SHC3 FGR GNB3 GNB2 CCL24 PRKX GNG4 GNG3 GNAI1 GNG10 GNAI2 GNG11 GNGT1 CX3CL1 GNGT2 XCL1 CXCL5 ADCY3 CXCL11 GNG2 ADCY2 CXCL6 ADCY1 CCR9 CCR2 CCL25 PXN CXCR3 CSK CCL4L1 FOXO3 PRKACA BCAR1 PRKACB GNB5 PRKACG PAK1 GNAI3 CRK CXCL12 CCR10 GNB1 CRKL CCL4L2 XCR1 PTK2B CDC42 PLCB2 SOS2 ADCY8 CXCL10 PLCB1 ADCY9 ADCY6 CHUK RAF1 PRKCB ADCY7 CXCL1 SHC1 PLCB3 PLCB4 ADCY5 CXCR5 CCL27 WAS PREX1 RHOA CXCR4 CXCR2 GNG8 CXCR1 CCL28 PRKCD HCK IL8 RAC2 WASL RASGRP2 MAP2K1 ADCY4 CCR3 CCR4 CXCR6 CCR5 PRKCZ CCR6 CCR7 CCR8 GRB2 MAPK3 CXCL16 RAC1 SOS1 MAPK1 IKBKG HRAS GSK3B CCR1 GSK3A XCL2 ITK CCL1 CXCL13 GNG12 ROCK2 RAP1A PIK3R3 RAP1B TIAM2 PF4 PPBPL1 CXCL2 CXCL3 PF4V1 GRK6 PIK3CA PIK3CB CXCL9 PIK3CD NCF1 ELMO1 SHC2 PPBP GRK4 PARD3 GRK5 PIK3CG PIK3R1 VAV3 LYN PIK3R2"
"Activation/response","KEGG_NATURAL_KILLER_CELL_MEDIATED_CYTOTOXICITY",136,"TNFSF10 ITGAL PPP3R2 PPP3CC PPP3R1 FCER1G SH2D1B HLA-G BRAF VAV1 SHC4 PRF1 VAV2 NRAS CHP2 ITGB2 GZMB NFAT5 FCGR3B RAET1E ULBP3 FCGR3A CSF2 PIK3R5 NCR1 HCST NCR2 NFATC4 NFATC3 KRAS SHC3 CD247 RAET1L HLA-E PAK1 LCP2 KLRK1 PLCG1 PLCG2 PTK2B NFATC2 NFATC1 LCK SOS2 PTPN11 KLRC3 RAF1 PRKCB KLRD1 SHC1 KLRC1 PRKCA KLRC2 TNF ICAM2 IFNA5 IFNA4 IFNA2 ICAM1 IFNA1 RAET1G HLA-C HLA-B PTPN6 PRKCG HLA-A RAC2 SH3BP2 BID MAP2K2 KIR2DS5 RAC3 KIR3DL1 KIR3DL2 MAP2K1 IFNA17 CASP3 IFNA21 IFNA6 IFNA7 IFNA8 TYROBP IFNA10 IFNA13 IFNA14 GRB2 IFNA16 MAPK3 KIR2DL5A RAC1 SOS1 MAPK1 KIR2DL1 HRAS KIR2DS4 CD48 KIR2DS3 IFNGR2 LAT KIR2DL4 ULBP1 KIR2DS1 ULBP2 KIR2DL2 KIR2DL3 TNFRSF10A IFNG IFNGR1 TNFRSF10D SYK IFNB1 MICB ARAF TNFRSF10B IFNAR1 TNFRSF10C IFNAR2 MICA PIK3R3 NCR3 CD244 PPP3CB PPP3CA PIK3CA PIK3CB FAS PIK3CD SHC2 FASLG FYN PIK3CG VAV3 PIK3R1 SH2D1A PIK3R2 CHP"
"Inflammatory","HALLMARK_TNFA_SIGNALING_VIA_NFKB",200,"JUNB CXCL2 ATF3 NFKBIA TNFAIP3 PTGS2 CXCL1 IER3 CD83 CCL20 CXCL3 MAFF NFKB2 TNFAIP2 HBEGF KLF6 BIRC3 PLAUR ZFP36 ICAM1 JUN EGR3 IL1B BCL2A1 PPP1R15A ZC3H12A SOD2 NR4A2 IL1A RELB TRAF1 BTG2 DUSP1 MAP3K8 ETS2 F3 SDC4 EGR1 IL6 TNF KDM6B NFKB1 LIF PTX3 FOSL1 NR4A1 JAG1 CCL4 GCH1 CCL2 RCAN1 DUSP2 EHD1 IER2 REL CFLAR RIPK2 NFKBIE NR4A3 PHLDA1 IER5 TNFSF9 GEM GADD45A CXCL10 PLK2 BHLHE40 EGR2 SOCS3 SLC2A6 PTGER4 DUSP5 SERPINB2 NFIL3 SERPINE1 TRIB1 TIPARP RELA BIRC2 CXCL6 LITAF TNFAIP6 CD44 INHBA PLAU MYC TNFRSF9 SGK1 TNIP1 NAMPT FOSL2 PNRC1 ID2 CD69 IL7R EFNA1 PHLDA2 PFKFB3 CCL5 YRDC IFNGR2 SQSTM1 BTG3 GADD45B KYNU G0S2 BTG1 MCL1 VEGFA MAP2K3 CDKN1A CCN1 TANK IFIT2 IL18 TUBB2A IRF1 FOS OLR1 RHOB AREG NINJ1 ZBTB10 PLPP3 KLF4 CXCL11 SAT1 CSF1 GPR183 PMEPA1 PTPRE TLR2 ACKR3 KLF10 MARCKS LAMB3 CEBPB TRIP10 F2RL1 KLF9 LDLR TGIF1 RNF19B DRAM1 B4GALT1 DNAJB4 CSF2 PDE4B SNN PLEK STAT5A DENND5A CCND1 DDX58 SPHK1 CD80 TNFAIP8 CCNL1 FUT4 CCRL2 SPSB1 TSC22D1 B4GALT5 SIK1 CLCF1 NFE2L2 FOSB PER1 NFAT5 ATP2B1 IL12B IL6ST SLC16A6 ABCA1 HES1 BCL6 IRS2 SLC2A3 CEBPD IL23A SMAD3 TAP1 MSC IFIH1 IL15RA TNIP2 BCL3 PANX1 FJX1 EDN1 EIF1 BMP2 DUSP4 PDLIM5 ICOSLG GFPT2 KLF2 TNC SERPINB8 MXD1"
"Inflammatory","HALLMARK_INFLAMMATORY_RESPONSE",200,"CXCL10 CCL2 CCL5 FPR1 CCL20 IL1A CXCL8 CCL7 CCL22 CXCL11 CCR7 EDN1 CD40 CXCL9 IL6 IL1B TLR2 IL1R1 CD69 ICAM1 CCRL2 AQP9 EREG C3AR1 GNA15 CMKLR1 PTGER4 LIF IL15 NAMPT OPRK1 ITGB8 PTAFR ADM PLAUR NFKB1 INHBA OSM TNFSF10 TNFSF15 IFNGR2 ADGRE1 IL12B CSF1 CXCL6 TNFRSF9 LYN ACVR2A LDLR BDKRB1 HRH1 F3 BST2 PTGIR CD55 CALCRL CSF3 GPR132 IL4R NLRP3 IL15RA ADORA2B GCH1 OLR1 PTGER2 CSF3R MYC RELA TNFAIP6 IL7R IL18 GABBR1 CD82 TNFSF9 NMUR1 IL2RB TLR1 LPAR1 IRAK2 RIPK2 MMP14 P2RX7 SLC11A2 SELL P2RY2 ABCA1 FFAR2 PROK2 GNAI3 TACR1 SLC7A1 CDKN1A CYBB TIMP1 HBEGF SCARF1 EBI3 NFKBIA SRI SLC7A2 CCL17 TLR3 APLNR OSMR IL10RA PSEN1 GPR183 ATP2B1 TNFRSF1B BEST1 GPC3 SCN1B ACVR1B HPN SEMA4D KLF6 CD48 CXCR6 SLC1A2 GP1BA TAPBP RGS16 SLAMF1 LCK HIF1A AHR NMI RHOG TPBG NPFFR2 IFNAR1 ICOSLG RASGRP1 IFITM1 KCNJ2 LY6E IL18R1 IL10 KCNA3 HAS2 DCBLD2 LAMP3 VIP CD70 RGS1 SLC31A1 ADRM1 KCNMB2 SERPINE1 MXD1 AXL MEFV PVR CCL24 PDE4B LCP2 PDPN IRF7 MET ATP2A2 SLC31A2 FZD5 ITGA5 SGMS2 MARCO CD14 EIF2AK2 ROS1 ATP2C1 NDP BTG2 MSR1 PTPRE RNF144B PCDH7 SPHK1 IL18RAP RTP4 RAF1 CHST2 ITGB3 KIF1B SELE NOD2 C5AR1 EMP3 CLEC5A TACR3 SLC4A4 MEP1A SELENOS LTA PIK3R5 STAB1 IRF1 ICAM4 P2RX4 ABI1 CX3CL1 SLC28A2"
"Inflammatory","btm_M16_TLR and inflammatory signaling",45,"FCGR1A /// FCGR1C HSPA6 NCF4 TLR6 C5AR1 FCGR1B APOB48R LILRB3 KCNJ15 LILRB1 PILRA TYROBP MGAM FGR P2RY13 CXCR2 NFE2 IRAK3 MYD88 FPR2 SIGLEC9 FCAR DYSF NPL FPR1 ALOX5 FCGR2C AQP9 FES CSF3R TLR7 LY96 LILRB2 ITGAX KCNJ2 WDFY3 TLR2 TLR1 BST1 ANPEP TLR4 TLR5 LILRA6 TLR8 PADI4"
"Inflammatory","KEGG_NOD_LIKE_RECEPTOR_SIGNALING_PATHWAY",61,"CASP8 CHUK TAB3 CXCL1 RIPK2 TNF BIRC3 CCL2 XIAP CCL5 NOD1 CARD6 CCL13 CCL11 CCL8 CARD8 CCL7 MEFV IL8 MAPK9 MAPK10 MAPK11 ERBB2IP MAPK13 CASP5 IKBKB NOD2 MAP3K7 CASP1 CARD18 TNFAIP3 SUGT1 MAPK3 PSTPIP1 NFKB1 NFKBIB NFKBIA MAPK1 IKBKG CARD9 MAPK8 MAPK14 MAPK12 IL18 RELA PYDC1 TRAF6 HSP90AA1 PYCARD TAB2 NLRC4 IL1B HSP90B1 NLRP3 NLRP1 NAIP BIRC2 CXCL2 HSP90AB1 TAB1 IL6"
"Inflammatory","KEGG_TOLL_LIKE_RECEPTOR_SIGNALING_PATHWAY",101,"CD80 CD86 STAT1 TLR9 CCL3 MYD88 CCL5 MAP2K4 CCL4 LBP RIPK1 TLR6 IKBKB LY96 MAP3K8 MAP3K7 AKT1 AKT2 CD14 CTSK AKT3 SPP1 IKBKE NFKB1 NFKBIA PIK3R5 TLR5 TIRAP MAPK14 MAPK12 RELA TRAF6 TRAF3 TOLLIP CXCL11 TAB2 TLR7 TLR8 CXCL10 CASP8 TICAM1 CHUK TNF IFNA5 IFNA4 IFNA2 FADD IFNA1 IRAK4 IL8 MAPK9 IL12B MAPK10 MAPK11 MAP2K2 MAP2K3 IL12A MAPK13 MAP2K1 MAP2K7 MAP2K6 IFNA17 IFNA21 IFNA6 IFNA7 IFNA8 IFNA10 IFNA13 IFNA14 IFNA16 MAPK3 RAC1 MAPK1 IRF3 IKBKG MAPK8 IFNB1 IFNAR1 IFNAR2 TICAM2 IL1B IRAK1 CD40 PIK3R3 TBK1 PIK3CA CXCL9 PIK3CB PIK3CD TLR3 TLR4 TAB1 TLR1 FOS TLR2 IRF5 PIK3CG IL6 PIK3R1 IRF7 PIK3R2"
"Inflammatory","GO_POSITIVE_REGULATION_OF_INTERLEUKIN_6_PRODUCTION",67,"DDX58 ARHGEF2 NCL CD36 TNFSF9 TBC1D23 CYBA TLR2 CARD9 IL1B PYDC1 TLR3 HSPD1 TLR6 IL17A TNFSF4 IL6 HMGB1 F2R TNF NOD1 TICAM1 MAPK13 TLR9 MYD88 IL6R PAEP ADCYAP1 UCN TLR4 HYAL2 NOD2 PYCARD TWIST1 ZBTB20 TRAF6 EREG LILRB2 FIGF ISL1 PTAFR IL33 TLR7 IL36A RAB7B P2RX7 WNT5A XBP1 IFNG RIPK2 CCR2 F2RL1 IL1RL2 TLR1 SPON2 CRHR2 IL17RC TIRAP LBP LGALS9 FCER1G IL36B IL17F NLRP10 AKIRIN2 TRPV4 ADORA2B"
"Inflammatory","reactome_Toll-like Receptor Cascades",152,"APOB APP ATF1 ATF2 BIRC2 BIRC3 BPI BTK BTRC CASP8 CD14 CD180 CD36 CHUK CNPY3 CREB1 CTSB CTSK CTSL CTSS CTSV CUL1 DNM1 DNM2 DNM3 DUSP3 DUSP4 DUSP6 DUSP7 ECSIT EEA1 ELK1 FADD FBXW11 FGA FGB FGG FOS HMGB1 HSP90B1 IKBKB IKBKE IKBKG IRAK1 IRAK2 IRAK3 IRAK4 IRF3 IRF7 ITGAM ITGB2 JUN LBP LGMN LY86 LY96 MAP2K1 MAP2K3 MAP2K4 MAP2K6 MAP2K7 MAP3K1 MAP3K7 MAP3K8 MAPK1 MAPK10 MAPK11 MAPK14 MAPK3 MAPK7 MAPK8 MAPK9 MAPKAPK2 MAPKAPK3 MEF2A MEF2C MYD88 NFKB1 NFKB2 NFKBIA NFKBIB NKIRAS1 NKIRAS2 NOD1 NOD2 PELI1 PELI2 PELI3 PIK3C3 PIK3R4 PLCG2 PPP2CA PPP2CB PPP2R1A PPP2R1B PPP2R5D PTPN11 PTPN4 RBSN RELA RIPK1 RIPK2 RIPK3 RPS27A RPS6KA1 RPS6KA2 RPS6KA3 RPS6KA5 S100A1 S100A12 S100A8 S100A9 S100B SAA1 SARM1 SIGIRR SKP1 SOCS1 TAB1 TAB2 TAB3 TANK TBK1 TICAM1 TICAM2 TIRAP TLR1 TLR10 TLR2 TLR3 TLR4 TLR5 TLR6 TLR7 TLR8 TLR9 TNIP2 TRAF3 TRAF6 UBA52 UBB UBC UBE2D1 UBE2D2 UBE2D3 UBE2N UBE2V1 UNC93B1 VRK3 fliC mip porB"
"Inflammatory","btm_M86.0_chemokines and inflammatory molecules in myeloid cells",19,"CXCL1 TRAF1 ADORA2A /// CYTSA CXCL2 NFKBIA CCL4 BCL2A1 GCH1 G0S2 TNFAIP3 TNFAIP6 TNF HS3ST3B1 NFKB1 SLAMF7 CCL20 IL1B DUSP1 PDE4B"
"Inflammatory","reactome_Innate Immune System",1137,"ABCA13 ABI1 ABI2 ABL1 ACAA1 ACLY ACPP ACTB ACTG1 ACTR10 ACTR1B ACTR2 ACTR3 ADAM10 ADAM8 ADGRE3 ADGRG3 AGA AGER AGL AGPAT2 AHCYL1 AHSG AIM2 ALAD ALDH3B1 ALDOA ALDOC ALOX5 AMPD3 ANO6 ANPEP ANXA2 AOC1 AP1M1 AP2A2 APAF1 APEH APOB APP APRT ARG1 ARHGAP9 ARL8A ARMC8 ARPC1A ARPC1B ARPC2 ARPC3 ARPC4 ARPC5 ARSA ARSB ART1 ASAH1 ATAD3B ATF1 ATF2 ATG12 ATG5 ATG7 ATOX1 ATP11A ATP11B ATP6AP2 ATP6V0A1 ATP6V0A2 ATP6V0A4 ATP6V0B ATP6V0C ATP6V0D1 ATP6V0D2 ATP6V0E1 ATP6V0E2 ATP6V1A ATP6V1B1 ATP6V1B2 ATP6V1C1 ATP6V1C2 ATP6V1D ATP6V1E1 ATP6V1E2 ATP6V1F ATP6V1G1 ATP6V1G2 ATP6V1G3 ATP6V1H ATP7A ATP8A1 ATP8B4 AZU1 B2M B4GALT1 BAIAP2 BCL10 BCL2 BCL2L1 BIN2 BIRC2 BIRC3 BPI BPIFA1 BPIFA2 BPIFB1 BPIFB2 BPIFB4 BPIFB6 BRI3 BRK1 BST1 BST2 BTK BTRC C16orf62 C1QA C1QB C1QC C1R C1S C2 C3 C3AR1 C4A C4B C4BPA C4BPB C5 C5AR1 C5AR2 C6 C6orf120 C7 C8A C8B C8G C9 CAB39 CALM1 CALML5 CAMP CAND1 CANT1 CAP1 CAPN1 CAPZA1 CAPZA2 CARD11 CARD9 CASP1 CASP10 CASP2 CASP4 CASP8 CASP9 CAT CCL17 CCL22 CCR2 CCR6 CCT2 CCT8 CD14 CD177 CD180 CD19 CD209 CD247 CD300A CD300E CD300LB CD33 CD36 CD3G CD4 CD44 CD46 CD47 CD53 CD55 CD58 CD59 CD63 CD68 CD81 CD93 CD97 CDA CDC34 CDC42 CDK13 CEACAM1 CEACAM3 CEACAM6 CEACAM8 CECR1 CEP290 CFB CFD CFH CFHR1 CFHR2 CFHR3 CFHR4 CFHR5 CFI CFL1 CFP CGAS CHGA CHI3L1 CHIT1 CHRNB4 CHUK CKAP4 CLEC10A CLEC12A CLEC4A CLEC4C CLEC4D CLEC4E CLEC5A CLEC6A CLEC7A CLU CMTM6 CNN2 CNPY3 COLEC10 COLEC11 COMMD3 COMMD9 COPB1 COTL1 CPB2 CPN1 CPN2 CPNE1 CPNE3 CPPED1 CR1 CR2 CRACR2A CRCP CREB1 CREBBP CREG1 CRISP3 CRISPLD2 CRK CRP CSNK2B CST3 CSTB CTNNB1 CTSA CTSB CTSC CTSD CTSG CTSH CTSK CTSL CTSS CTSV CTSZ CUL1 CXCL1 CXCR1 CXCR2 CYB5R3 CYBA CYBB CYFIP1 CYFIP2 CYLD CYSTM1 DBNL DCD DDOST DDX3X DDX41 DDX58 DEFA1 DEFA3 DEFA4 DEFA5 DEFA6 DEFB1 DEFB103A DEFB104A DEFB105A DEFB106A DEFB107A DEFB108B DEFB108P1 DEFB109B DEFB110 DEFB112 DEFB113 DEFB114 DEFB115 DEFB116 DEFB117 DEFB118 DEFB119 DEFB121 DEFB123 DEFB124 DEFB125 DEFB126 DEFB127 DEFB128 DEFB129 DEFB130A DEFB130B DEFB131 DEFB132 DEFB133 DEFB134 DEFB135 DEFB136 DEFB4A DEGS1 DERA DGAT1 DHX36 DHX58 DHX9 DIAPH1 DNAJC13 DNAJC3 DNAJC5 DNASE1L1 DNM1 DNM2 DNM3 DOCK1 DOCK2 DOK3 DPP7 DSC1 DSG1 DSN1 DSP DTX4 DUSP3 DUSP4 DUSP6 DUSP7 DYNC1H1 DYNC1LI1 DYNLL1 DYNLT1 ECSIT EEA1 EEF1A1 EEF2 ELANE ELK1 ELMO1 ELMO2 ENPP4 EP300 EPPIN EPX ERP44 F2 FABP5 FADD FAF2 FBXW11 FCAR FCER1A FCER1G FCGR1A FCGR2A FCGR3A FCGR3B FCN1 FCN2 FCN3 FGA FGB FGG FGL2 FGR FLG2 FOLR3 FOS FPR1 FPR2 FRK FRMPD3 FTH1 FTL FUCA1 FUCA2 FYN GAA GAB2 GALNS GCA GDI2 GGH GHDC GLA GLB1 GLIPR1 GM2A GMFG GNLY GNS GOLGA7 GPI GPR84 GRAP2 GRB2 GRN GSDMD GSN GSTP1 GUSB GYG1 GZMM HBB HCK HEBP2 HERC5 HEXB HGSNAT HK3 HLA-A HLA-B HLA-C HLA-E HLA-H HMGB1 HMHA1 HMOX2 HP HPSE HRAS HRNR HSP90AA1 HSP90AB1 HSP90B1 HSPA1A HSPA1B HSPA6 HSPA8 HTN1 HTN3 HUWE1 HVCN1 ICAM2 ICAM3 IDH1 IFI16 IFIH1 IFNA1 IFNA10 IFNA14 IFNA16 IFNA17 IFNA2 IFNA21 IFNA4 IFNA5 IFNA6 IFNA7 IFNA8 IFNB1 IGF2R IGHE IGHG1 IGHG2 IGHG3 IGHG4 IGHV IGHV1-2 IGHV1-46 IGHV1-69 IGHV2-5 IGHV2-70 IGHV3-11 IGHV3-13 IGHV3-23 IGHV3-30 IGHV3-33 IGHV3-48 IGHV3-53 IGHV3-7 IGHV3-9 IGHV4-34 IGHV4-39 IGHV4-59 IGHV7-81 IGKC IGKV1-12 IGKV1-16 IGKV1-17 IGKV1-33 IGKV1-39 IGKV1-5 IGKV1D-12 IGKV1D-16 IGKV1D-33 IGKV1D-39 IGKV2-28 IGKV2-29 IGKV2-30 IGKV2D-28 IGKV2D-30 IGKV2D-40 IGKV3-11 IGKV3-15 IGKV3-20 IGKV3D-20 IGKV4-1 IGKV5-2 IGLC1 IGLC2 IGLC3 IGLC6 IGLC7 IGLV IGLV1-36 IGLV1-40 IGLV1-44 IGLV1-47 IGLV1-51 IGLV10-54 IGLV11-55 IGLV2-11 IGLV2-14 IGLV2-18 IGLV2-23 IGLV2-33 IGLV2-8 IGLV3-1 IGLV3-12 IGLV3-16 IGLV3-19 IGLV3-21 IGLV3-22 IGLV3-25 IGLV3-27 IGLV4-3 IGLV4-60 IGLV4-69 IGLV5-37 IGLV5-45 IGLV6-57 IGLV7-43 IGLV7-46 IGLV8-61 IKBKB IKBKE IKBKG IL1B ILF2 IMPDH1 IMPDH2 IQGAP1 IQGAP2 IRAK1 IRAK2 IRAK3 IRAK4 IRF3 IRF7 ISG15 IST1 ITCH ITGAL ITGAM ITGAV ITGAX ITGB2 ITK ITLN1 ITPR1 ITPR2 ITPR3 JUN JUP KCMF1 KCNAB2 KIR2DS2 KIR2DS4 KIR2DS5 KIR3DS1 KLRC2 KLRD1 KLRK1 KPNB1 KRAS KRT1 LAIR1 LAMP1 LAMP2 LAMTOR1 LAMTOR2 LAMTOR3 LAT LAT2 LBP LCK LCN2 LCP2 LEAP2 LGALS3 LGMN LILRA3 LILRB2 LILRB3 LIMK1 LPCAT1 LPO LRG1 LRMP LRRC7 LRRFIP1 LTA4H LTF LY86 LY96 LYN LYZ MAGT1 MALT1 MAN2B1 MANBA MAP2K1 MAP2K3 MAP2K4 MAP2K6 MAP2K7 MAP3K1 MAP3K14 MAP3K7 MAP3K8 MAPK1 MAPK10 MAPK11 MAPK12 MAPK13 MAPK14 MAPK3 MAPK7 MAPK8 MAPK9 MAPKAPK2 MAPKAPK3 MASP1 MASP2 MAVS MBL2 MCEMP1 MEF2A MEF2C MEFV METTL7A MGAM MGST1 MIF MLEC MME MMP25 MMP8 MMP9 MMTAG2 MNDA MOSPD2 MPO MRE11 MS4A2 MS4A3 MUC1 MUC12 MUC13 MUC15 MUC16 MUC17 MUC19 MUC2 MUC20 MUC21 MUC3A MUC3B MUC4 MUC5AC MUC5B MUC6 MUC7 MUCL1 MVP MYD88 MYH2 MYH9 MYO10 MYO1C MYO5A MYO9B NAPRT NBEAL2 NCF1 NCF2 NCF4 NCK1 NCKAP1 NCKAP1L NCKIPSD NCR2 NCSTN NDUFC2 NEU1 NF2 NFAM1 NFASC NFATC1 NFATC2 NFATC3 NFKB1 NFKB2 NFKBIA NFKBIB NHLRC3 NIT2 NKIRAS1 NKIRAS2 NLRC3 NLRC4 NLRC5 NLRP1 NLRP3 NLRP4 NLRX1 NME2 NOD1 NOD2 NOS1 NOS2 NOS3 NPC2 NRAS OLFM4 OLR1 ORM1 ORM2 ORMDL3 OSCAR OSTF1 OTUD5 P2RX1 P2RX7 PA2G4 PADI2 PAFAH1B2 PAK1 PAK2 PAK3 PANX1 PCBP2 PDAP1 PDPK1 PDXK PDZD11 PECAM1 PELI1 PELI2 PELI3 PFKL PGAM1 PGLYRP1 PGLYRP2 PGLYRP3 PGLYRP4 PGM1 PGM2 PGRMC1 PI3 PIGR PIK3C3 PIK3CA PIK3CB PIK3R1 PIK3R2 PIK3R4 PIN1 PKM PKP1 PLA2G2A PLA2G6 PLAC8 PLAU PLAUR PLCG1 PLCG2 PLD1 PLD2 PLD3 PLD4 PLEKHO2 PLPP4 PLPP5 PNP POLR1C POLR1D POLR2E POLR2F POLR2H POLR2K POLR2L POLR3A POLR3B POLR3C POLR3D POLR3E POLR3F POLR3G POLR3GL POLR3H POLR3K PPBP PPIA PPIE PPP2CA PPP2CB PPP2R1A PPP2R1B PPP2R5D PPP3CA PPP3CB PPP3R1 PRCP PRDX4 PRDX6 PRG2 PRG3 PRKACA PRKACB PRKACG PRKCD PRKCE PRKCQ PRKCSH PRKDC PROS1 PRSS2 PRSS3 PRTN3 PSAP PSEN1 PSMA1 PSMA2 PSMA3 PSMA4 PSMA5 PSMA6 PSMA7 PSMA8 PSMB1 PSMB10 PSMB11 PSMB2 PSMB3 PSMB4 PSMB5 PSMB6 PSMB7 PSMB8 PSMB9 PSMC1 PSMC2 PSMC3 PSMC4 PSMC5 PSMC6 PSMD1 PSMD10 PSMD11 PSMD12 PSMD13 PSMD14 PSMD2 PSMD3 PSMD4 PSMD5 PSMD6 PSMD7 PSMD8 PSMD9 PSME1 PSME2 PSME3 PSME4 PSMF1 PSTPIP1 PTAFR PTGES2 PTK2 PTPN11 PTPN4 PTPN6 PTPRB PTPRC PTPRJ PTPRN2 PTX3 PYCARD PYGB PYGL QPCT QSOX1 RAB10 RAB14 RAB18 RAB24 RAB27A RAB31 RAB37 RAB3A RAB3D RAB44 RAB4B RAB5B RAB5C RAB6A RAB7A RAB9B RAC1 RAC2 RAF1 RAP1A RAP1B RAP2B RAP2C RASGRP1 RASGRP2 RASGRP4 RBSN REG3A REG3G RELA RELB RETN RHOA RHOF RHOG RIPK1 RIPK2 RIPK3 RNASE2 RNASE3 RNASE6 RNASE7 RNASE8 RNASET2 RNF125 RNF135 RNF216 ROCK1 RPS27A RPS6KA1 RPS6KA2 RPS6KA3 RPS6KA5 S100A1 S100A11 S100A12 S100A7 S100A7A S100A8 S100A9 S100B S100P SAA1 SARM1 SCAMP1 SDCBP SELL SEM1 SEMG1 SERPINA1 SERPINA3 SERPINB1 SERPINB10 SERPINB12 SERPINB3 SERPINB6 SERPING1 SHC1 SIGIRR SIGLEC14 SIGLEC15 SIGLEC16 SIGLEC5 SIGLEC9 SIKE1 SIRPA SIRPB1 SKP1 SLC11A1 SLC15A4 SLC27A2 SLC2A3 SLC2A5 SLC44A2 SLCO4C1 SLPI SNAP23 SNAP25 SNAP29 SOCS1 SOS1 SPTAN1 SRC SRP14 SSA1 SSA2 STAT6 STBD1 STK10 STK11IP STOM SUGT1 SURF4 SVIP SYK SYNGR1 TAB1 TAB2 TAB3 TANK TARM1 TAX1BP1 TBC1D10C TBK1 TCIRG1 TCN1 TEC TICAM1 TICAM2 TIMP2 TIRAP TKFC TLR1 TLR10 TLR2 TLR3 TLR4 TLR5 TLR6 TLR7 TLR8 TLR9 TMBIM1 TMC6 TMEM173 TMEM179B TMEM30A TMEM63A TNFAIP3 TNFAIP6 TNFRSF1B TNIP2 TOLLIP TOM1 TRAF2 TRAF3 TRAF6 TRAPPC1 TREM1 TREM2 TREX1 TRIM21 TRIM25 TRIM32 TRIM56 TRPM2 TSPAN14 TTR TUBB TUBB4B TXK TXN TXNDC5 TXNIP TYROBP UBA3 UBA52 UBA7 UBB UBC UBE2D1 UBE2D2 UBE2D3 UBE2K UBE2L6 UBE2M UBE2N UBE2V1 UBR4 UNC13D UNC93B1 VAMP8 VAPA VAT1 VAV1 VAV2 VAV3 VCL VCP VNN1 VRK3 VTN WAS WASF1 WASF2 WASF3 WASL WIPF1 WIPF2 WIPF3 XRCC5 XRCC6 YES1 YPEL5 ZBP1 env fliC fljB hly mip porB prgJ"
"Inflammatory","reactome_Interleukin-1 family signaling",137,"ALOX5 APP BTRC CASP1 CHUK CUL1 FBXW11 HMGB1 IKBKB IKBKG IL13 IL18 IL18BP IL18R1 IL18RAP IL1A IL1B IL1F10 IL1R1 IL1R2 IL1RAP IL1RAPL1 IL1RL1 IL1RL2 IL1RN IL33 IL36A IL36B IL36G IL36RN IL37 IL4 IRAK1 IRAK2 IRAK3 IRAK4 MAP2K1 MAP2K4 MAP2K6 MAP3K3 MAP3K7 MAP3K8 MAPK8 MYD88 NFKB1 NFKB2 NFKBIA NFKBIB NKIRAS1 NKIRAS2 NOD1 NOD2 PELI1 PELI2 PELI3 PSMA1 PSMA2 PSMA3 PSMA4 PSMA5 PSMA6 PSMA7 PSMA8 PSMB1 PSMB10 PSMB11 PSMB2 PSMB3 PSMB4 PSMB5 PSMB6 PSMB7 PSMB8 PSMB9 PSMC1 PSMC2 PSMC3 PSMC4 PSMC5 PSMC6 PSMD1 PSMD10 PSMD11 PSMD12 PSMD13 PSMD14 PSMD2 PSMD3 PSMD4 PSMD5 PSMD6 PSMD7 PSMD8 PSMD9 PSME1 PSME2 PSME3 PSME4 PSMF1 PTPN11 PTPN12 PTPN13 PTPN14 PTPN18 PTPN2 PTPN20 PTPN23 PTPN4 PTPN5 PTPN6 PTPN7 PTPN9 RBX1 RELA RIPK2 RPS27A S100A12 S100B SAA1 SEM1 SIGIRR SKP1 SMAD3 SQSTM1 STAT3 TAB1 TAB2 TAB3 TBK1 TNIP2 TOLLIP TRAF6 UBA52 UBB UBC UBE2N UBE2V1"
"Inflammatory","GO_CELLULAR_RESPONSE_TO_INTERLEUKIN_1",87,"CCL21 CCL5 ZC3H12A IL1R1 CCL20 BYSL CHI3L1 ICAM1 IRAK1 CCL17 SOX9 XCL2 RELA IRAK2 DAB2IP CCL26 RPS6KA5 CCL25 SFRP1 CCL3 CCL3L3 XCL1 PPP4C CCL3L1 CCL4L2 IKBKB RBMX PTGER3 P2RY2 PAWR YY2 EGR1 NFKB1 CX3CL1 HAS2 PSMB9 IRAK3 CCL8 C19orf29 MAPK3 CCL14 ANKRD1 VLDLR IL8 OTUB1 EDN1 PTGER4 HYAL3 ADAMTS7 TNIP2 RC3H1 MAPK9 CCL13 CCL4 IRG1 CCL22 HIF1A CCL19 FN1 CCL23 CEBPB TRAF6 CCL15 RPS6KA4 KLF2 RORA HSPA9 PYCARD HYAL2 NKX3-1 FGB PTGIS HYAL1 CCL18 UPF1 FAS MYLK3 CCL1 CCL24 CCL16 CCL7 IL6 CCL2 IL17A ADAMTS12 PLCB1 CCL11"
"Inflammatory","reactome_Signaling by TGF-beta family members",101,"ACVR1C ACVR2A ACVR2B ACVRL1 AMH AMHR2 ARHGEF18 ATP1B4 BAMBI BMP10 BMP2 BMPR1A BMPR1B BMPR2 CBL CCNC CCNK CCNT1 CCNT2 CDK8 CDK9 CDKN2B CER1 CGN CHRDL1 DRAP1 E2F4 E2F5 F11R FKBP1A FOXH1 FST FSTL1 FSTL3 FURIN GDF2 GREM2 HDAC1 INHBA INHBB JUNB MEN1 MTMR4 MYC NCOR1 NCOR2 NEDD4L NEDD8 NOG PARD3 PARD6A PARP1 PMEPA1 PPM1A PPP1CA PPP1CB PPP1CC PPP1R15A PRKCZ RBL1 RHOA RNF111 RPS27A SERPINE1 SKI SKIL SMAD1 SMAD2 SMAD3 SMAD4 SMAD5 SMAD6 SMAD7 SMAD9 SMURF1 SMURF2 SNW1 SP1 STRAP STUB1 TFDP1 TFDP2 TGFB1 TGFBR1 TGFBR2 TGIF1 TGIF2 TRIM33 UBA52 UBB UBC UBE2D1 UBE2D3 UBE2M UCHL5 USP15 USP9X WWTR1 XPO1 ZFYVE16 ZFYVE9"
"Type II/IL-4 responses","reactome_Interleukin-4 and Interleukin-13 signaling",111,"ALOX15 ALOX5 ANXA1 BATF BCL2 BCL2L1 BCL6 BIRC5 CCL11 CCL2 CCL22 CCND1 CD36 CDKN1A CEBPD COL1A2 CXCL8 F13A1 FASLG FCER2 FGF2 FN1 FOS FOXO1 FOXO3 FSCN1 GATA3 HGF HIF1A HMOX1 HSP90AA1 HSP90B1 HSPA8 ICAM1 IGHE IGHG1 IGHG4 IL10 IL12A IL12B IL13 IL13RA1 IL13RA2 IL17A IL17F IL18 IL1A IL1B IL23A IL23R IL2RG IL4 IL4R IL6 IL6R IL8 IRF4 ITGAM ITGAX ITGB1 ITGB2 JAK1 JAK2 JAK3 JUNB LAMA5 LBP LCN2 LIF MAOA MCL1 MMP1 MMP2 MMP3 MMP9 MUC1 MYC NANOG NDN NOS2 OPRD1 OPRM1 OSM PIK3R1 PIM1 POMC POU2F1 PTGS2 RHOU RORA RORC S1PR1 SAA1 SOCS1 SOCS3 SOCS5 SOX2 STAT1 STAT3 STAT6 TGFB1 TIMP1 TNF TNFRSF1B TP53 TWIST1 TYK2 VCAM1 VEGFA VIM ZEB1"
"Th17 response","reactome_Interleukin-17 signaling",70,"ATF2 BTRC CHUK CREB1 CUL1 DUSP3 DUSP4 DUSP6 DUSP7 ELK1 FBXW11 FOS IKBKB IKBKG IL17A IL17C IL17F IL17RA IL17RB IL17RC IL17RE IL25 IRAK1 IRAK2 JUN MAP2K1 MAP2K3 MAP2K4 MAP2K6 MAP2K7 MAP3K7 MAP3K8 MAPK1 MAPK10 MAPK11 MAPK14 MAPK3 MAPK7 MAPK8 MAPK9 MAPKAPK2 MAPKAPK3 MEF2A MEF2C NFKB1 NOD1 NOD2 PPP2CA PPP2CB PPP2R1A PPP2R1B PPP2R5D RIPK2 RPS27A RPS6KA1 RPS6KA2 RPS6KA3 RPS6KA5 SKP1 TAB1 TAB2 TAB3 TNIP2 TRAF6 UBA52 UBB UBC UBE2N UBE2V1 VRK3"
"cellular metabolism","KEGG_GLYCOLYSIS_GLUCONEOGENESIS",61,"GCK PGK2 PGK1 PDHB PDHA1 PDHA2 PGM2 TPI1 ACSS1 FBP1 ADH1B HK2 ADH1C HK1 HK3 ADH4 PGAM2 ADH5 PGAM1 ADH1A ALDOC ALDH7A1 LDHAL6B PKLR LDHAL6A ENO1 PKM2 PFKP BPGM PCK2 PCK1 ALDH1B1 ALDH2 ALDH3A1 AKR1A1 FBP2 PFKM PFKL LDHC GAPDH ENO3 ENO2 PGAM4 ADH7 ADH6 LDHB ALDH1A3 ALDH3B1 ALDH3B2 ALDH9A1 ALDH3A2 GALM ALDOA DLD DLAT ALDOB G6PC2 LDHA G6PC PGM1 GPI"
"cellular metabolism","KEGG_MTOR_SIGNALING_PATHWAY",51,"IGF1 RPS6KA6 MTOR EIF4B EIF4E EIF4EBP1 RICTOR INS PGF ULK1 RHEB BRAF HIF1A PDPK1 RPTOR AKT1 AKT2 RPS6KA2 RPS6KA3 RPS6KB1 MLST8 AKT3 RPS6KB2 TSC1 ULK2 CAB39 MAPK3 CAB39L RPS6 MAPK1 RPS6KA1 PIK3R5 ULK3 EIF4E1B STK11 EIF4E2 VEGFA PRKAA2 VEGFC PRKAA1 VEGFB STRADA PIK3R3 FIGF DDIT4 PIK3CA PIK3CB PIK3CD PIK3CG PIK3R1 PIK3R2"
"cellular metabolism","reactome_Fatty acid metabolism",176,"ABCD1 ACAA1 ACAA2 ACACA ACAD10 ACAD11 ACADL ACADM ACADS ACADVL ACBD4 ACBD5 ACBD6 ACBD7 ACLY ACOT1 ACOT11 ACOT12 ACOT13 ACOT2 ACOT4 ACOT6 ACOT7 ACOT7L ACOT8 ACOT9 ACOX1 ACOX2 ACOX3 ACOXL ACSBG1 ACSBG2 ACSF2 ACSF3 ACSL1 ACSL3 ACSL4 ACSL5 ACSL6 ACSM3 ACSM6 AKR1C3 ALDH3A2 ALOX12 ALOX12B ALOX15 ALOX15B ALOX5 ALOX5AP ALOXE3 AMACR AWAT1 CBR1 CBR4 CPT1A CPT1B CPT2 CRAT CROT CYP1A1 CYP1A2 CYP1B1 CYP2C19 CYP2C8 CYP2C9 CYP2J2 CYP2U1 CYP4A11 CYP4A22 CYP4B1 CYP4F11 CYP4F2 CYP4F22 CYP4F3 CYP4F8 CYP8B1 DBI DECR1 DECR2 DPEP1 DPEP2 DPEP3 ECHS1 ECI1 ECI2 EHHADH ELOVL1 ELOVL2 ELOVL3 ELOVL4 ELOVL5 ELOVL6 ELOVL7 EPHX2 FAAH FAAH2 FADS1 FADS2 FAM213B FASN GGT1 GGT5 GPX1 GPX2 GPX4 HACD1 HACD2 HACD3 HACD4 HACL1 HADH HADHA HADHB HAO2 HPGD HPGDS HSD17B12 HSD17B3 HSD17B4 HSD17B8 HTD2 LTA4H LTC4S MAPKAPK2 MCAT MCEE MECR MID1IP1 MLYCD MMAA MORC2 MUT NDUFAB1 NUDT19 NUDT7 OLAH PCCA PCCB PCTP PECR PHYH PLA2G4A PON1 PON2 PON3 PPARD PPT1 PPT2 PRKAA2 PRKAB2 PRKAG2 PTGDS PTGES PTGES2 PTGES3 PTGIS PTGR1 PTGR2 PTGS1 PTGS2 RXRA SCD SCD5 SCP2 SLC22A5 SLC25A1 SLC25A17 SLC25A20 SLC27A2 SLC27A3 TBXAS1 TECR TECRL THEM4 THEM5 THRSP"
"cellular metabolism","HALLMARK_MTORC1_SIGNALING",200,"FADS1 DDIT4 CALR HK2 PGK1 SLC7A5 CTSC ACSL3 SLC1A5 M6PR TFRC DDIT3 TMEM97 IFRD1 PLOD2 TUBA4A PSAT1 CORO1A LDHA MTHFD2 FADS2 VLDLR WARS1 SCD P4HA1 ACTR2 IDH1 SLC2A1 GBE1 SERPINH1 NUPR1 PSMG1 PSPH NAMPT CDKN1A BHLHE40 HSPA9 HSPA5 EGLN3 LGMN PNP XBP1 SLA DDX39A HSPE1 ACLY SLC7A11 SSR1 GLA SQSTM1 PDK1 PSMC2 PRDX1 SERP1 TRIB3 NFIL3 HMGCS1 GOT1 TPI1 ELOVL6 ASNS PSMD14 PSMA4 PPA1 HPRT1 AURKA HMGCR GAPDH DHFR DHCR7 IMMT UCHL5 YKT6 INSIG1 SQLE IGFBP5 IFI30 CYP51A1 FGL2 ENO1 IDI1 CYB5B SHMT2 TXNRD1 G6PD SLC9A3R1 RAB1A EBP PNO1 PIK3R3 ACTR3 LDLR SLC2A3 UBE2D3 ELOVL5 CACYBP EDEM1 ATP6V1D TES TM7SF2 PSMA3 ITGB2 AK4 SLC1A4 TOMM40 SLC6A6 PPIA ADD3 ME1 CCNF SLC37A4 ALDOA BTG2 UFM1 CCNG1 STC1 NMT1 PSMC6 FDXR RRM2 DHCR24 PSMC4 CTH PSME3 CFP POLR3G ACACA QDPR MCM2 PSMD12 SC5D CANX RPN1 HSPA4 NIBAN1 TBK1 SEC11A BCAT1 PSMB5 PSMD13 PGM1 PLK1 GLRX COPS5 ETF1 GSK3B NUP205 SORD PHGDH GMPS RRP9 EEF1E1 LTA4H SDF2L1 FKBP2 RDH11 CXCR4 MLLT11 GCLC TCEA1 MAP2K3 HSPD1 SYTL2 MCM4 PPP1R15A USO1 NFKBIB UNG GTF2H1 RPA1 HSP90B1 ERO1A GSR PITPNB EPRS1 SRD5A1 TUBG1 MTHFD2L ADIPOR2 NUFIP1 CDC25A PDAP1 STARD4 BUB1 ARPC5L GPI EIF2S2 CD9 ATP2A2 GGA2 HMBS RIT1 SKAP2 STIP1 DAPP1 ABCF2 NFYC ATP5MC1 PFKL CCT6A"
